Series,ImageID,Filename,Repeat,HashMs,SignMs,EmbedMs,ExtractRecoverMs,VerifyMs,TotalMs,EmbeddingSuccess
CT-01,CT-01_CT-01_image-00000_ai-generated,CT-01_image-00000_ai-generated.tiff,1,1.38458333333333,5.278875,15.1767083333333,3.93620833333333,2.84529166666667,28.650625,1
CT-01,CT-01_CT-01_image-00000_ai-generated,CT-01_image-00000_ai-generated.tiff,2,1.358625,5.25608333333333,13.375375,3.36425,2.21620833333333,25.60075,1
CT-01,CT-01_CT-01_image-00000_ai-generated,CT-01_image-00000_ai-generated.tiff,3,1.34008333333333,5.22083333333333,13.3372916666667,3.480375,2.5615,25.9622916666667,1
CT-01,CT-01_CT-01_image-00000_ai-generated,CT-01_image-00000_ai-generated.tiff,4,1.2845,5.055625,13.0028333333333,3.35729166666667,2.251125,24.9720833333333,1
CT-01,CT-01_CT-01_image-00000_ai-generated,CT-01_image-00000_ai-generated.tiff,5,1.29125,5.07804166666667,12.2815833333333,3.36558333333333,2.55325,24.589,1
CT-01,CT-01_CT-01_image-00000_ai-generated,CT-01_image-00000_ai-generated.tiff,6,1.26145833333333,5.00241666666667,12.95575,3.40045833333333,4.069,26.7059166666667,1
CT-01,CT-01_CT-01_image-00000_ai-generated,CT-01_image-00000_ai-generated.tiff,7,1.27475,5.07408333333333,12.7237916666667,3.33325,2.312875,24.737625,1
CT-01,CT-01_CT-01_image-00000_ai-generated,CT-01_image-00000_ai-generated.tiff,8,1.39708333333333,5.16983333333333,13.33,3.575625,2.39604166666667,25.8898333333333,1
CT-01,CT-01_CT-01_image-00000_ai-generated,CT-01_image-00000_ai-generated.tiff,9,1.344375,5.10041666666667,12.839875,3.58125,1.92241666666667,24.8069583333333,1
CT-01,CT-01_CT-01_image-00000_ai-generated,CT-01_image-00000_ai-generated.tiff,10,1.26095833333333,5.00270833333333,12.5717916666667,3.29779166666667,1.80641666666667,23.955375,1
CT-01,CT-01_CT-01_image-00091_ai-generated,CT-01_image-00091_ai-generated.tiff,1,1.30879166666667,5.02370833333333,13.3593333333333,3.92866666666667,1.956375,25.5967916666667,1
CT-01,CT-01_CT-01_image-00091_ai-generated,CT-01_image-00091_ai-generated.tiff,2,1.30445833333333,5.11045833333333,12.8689583333333,3.51829166666667,1.77666666666667,24.598125,1
CT-01,CT-01_CT-01_image-00091_ai-generated,CT-01_image-00091_ai-generated.tiff,3,1.52629166666667,5.15645833333333,13.117625,3.45066666666667,2.07425,25.348375,1
CT-01,CT-01_CT-01_image-00091_ai-generated,CT-01_image-00091_ai-generated.tiff,4,1.33875,5.18091666666667,13.1620416666667,3.56479166666667,1.99220833333333,25.2627083333333,1
CT-01,CT-01_CT-01_image-00091_ai-generated,CT-01_image-00091_ai-generated.tiff,5,1.382,5.156,13.114375,3.53045833333333,1.81875,25.0208333333333,1
CT-01,CT-01_CT-01_image-00091_ai-generated,CT-01_image-00091_ai-generated.tiff,6,1.356875,5.06845833333333,13.4430833333333,3.35529166666667,1.84541666666667,25.088125,1
CT-01,CT-01_CT-01_image-00091_ai-generated,CT-01_image-00091_ai-generated.tiff,7,1.373625,5.06508333333333,12.8445,3.508125,1.79920833333333,24.6175,1
CT-01,CT-01_CT-01_image-00091_ai-generated,CT-01_image-00091_ai-generated.tiff,8,1.27366666666667,5.03120833333333,13.3579166666667,3.535375,1.69641666666667,24.911125,1
CT-01,CT-01_CT-01_image-00091_ai-generated,CT-01_image-00091_ai-generated.tiff,9,1.42658333333333,5.03233333333333,13.0540416666667,3.56279166666667,1.602625,24.6942083333333,1
CT-01,CT-01_CT-01_image-00091_ai-generated,CT-01_image-00091_ai-generated.tiff,10,1.254375,5.01208333333333,13.4167083333333,3.54491666666667,1.579125,24.8215833333333,1
CT-01,CT-01_CT-01_image-00181_ai-generated,CT-01_image-00181_ai-generated.tiff,1,1.378125,5.25820833333333,12.9765416666667,3.66291666666667,1.72754166666667,25.0262083333333,1
CT-01,CT-01_CT-01_image-00181_ai-generated,CT-01_image-00181_ai-generated.tiff,2,1.23183333333333,5.06625,13.0261666666667,3.62158333333333,1.68829166666667,24.6502916666667,1
CT-01,CT-01_CT-01_image-00181_ai-generated,CT-01_image-00181_ai-generated.tiff,3,1.248125,5.08554166666667,12.764875,3.74783333333333,1.65283333333333,24.51575,1
CT-01,CT-01_CT-01_image-00181_ai-generated,CT-01_image-00181_ai-generated.tiff,4,1.20054166666667,5.01558333333333,12.714375,3.29208333333333,1.57545833333333,23.8135833333333,1
CT-01,CT-01_CT-01_image-00181_ai-generated,CT-01_image-00181_ai-generated.tiff,5,1.23629166666667,5.01066666666667,12.5050833333333,3.439375,1.54245833333333,23.748375,1
CT-01,CT-01_CT-01_image-00181_ai-generated,CT-01_image-00181_ai-generated.tiff,6,1.23120833333333,4.98775,12.5580833333333,3.44354166666667,1.53554166666667,23.769875,1
CT-01,CT-01_CT-01_image-00181_ai-generated,CT-01_image-00181_ai-generated.tiff,7,1.22858333333333,4.97666666666667,12.5175833333333,3.41741666666667,1.52579166666667,23.679625,1
CT-01,CT-01_CT-01_image-00181_ai-generated,CT-01_image-00181_ai-generated.tiff,8,1.2375,4.97770833333333,12.534375,3.43091666666667,1.534625,23.7287916666667,1
CT-01,CT-01_CT-01_image-00181_ai-generated,CT-01_image-00181_ai-generated.tiff,9,1.230125,5.00095833333333,12.8011666666667,3.60054166666667,1.66391666666667,24.3115,1
CT-01,CT-01_CT-01_image-00181_ai-generated,CT-01_image-00181_ai-generated.tiff,10,1.27395833333333,5.121625,13.2525833333333,3.520125,1.74916666666667,24.9348333333333,1
CT-02,CT-02_CT-02_image-00000_ai-generated,CT-02_image-00000_ai-generated.tiff,1,1.24054166666667,5.10366666666667,13.20025,3.335,1.819125,24.7229166666667,1
CT-02,CT-02_CT-02_image-00000_ai-generated,CT-02_image-00000_ai-generated.tiff,2,1.24408333333333,5.03595833333333,13.3472083333333,3.41704166666667,1.62304166666667,24.6855,1
CT-02,CT-02_CT-02_image-00000_ai-generated,CT-02_image-00000_ai-generated.tiff,3,1.26354166666667,5.05766666666667,13.2059583333333,3.54229166666667,1.65154166666667,24.742125,1
CT-02,CT-02_CT-02_image-00000_ai-generated,CT-02_image-00000_ai-generated.tiff,4,1.20020833333333,5.016375,13.0972916666667,3.5565,1.66479166666667,24.5519166666667,1
CT-02,CT-02_CT-02_image-00000_ai-generated,CT-02_image-00000_ai-generated.tiff,5,1.34133333333333,4.99083333333333,13.3235416666667,3.65825,1.6385,24.9697916666667,1
CT-02,CT-02_CT-02_image-00000_ai-generated,CT-02_image-00000_ai-generated.tiff,6,1.248875,5.02958333333333,13.4215,3.538375,1.56983333333333,24.8226666666667,1
CT-02,CT-02_CT-02_image-00000_ai-generated,CT-02_image-00000_ai-generated.tiff,7,1.29220833333333,5.02433333333333,13.01075,3.73754166666667,1.69475,24.77825,1
CT-02,CT-02_CT-02_image-00000_ai-generated,CT-02_image-00000_ai-generated.tiff,8,1.22370833333333,5.03408333333333,13.243875,3.67775,1.57479166666667,24.7694166666667,1
CT-02,CT-02_CT-02_image-00000_ai-generated,CT-02_image-00000_ai-generated.tiff,9,1.27129166666667,5.00795833333333,13.18175,3.478625,1.91983333333333,24.87525,1
CT-02,CT-02_CT-02_image-00000_ai-generated,CT-02_image-00000_ai-generated.tiff,10,1.19395833333333,5.05175,12.8022083333333,3.5245,1.66775,24.2571666666667,1
CT-02,CT-02_CT-02_image-00071_ai-generated,CT-02_image-00071_ai-generated.tiff,1,2.119375,34.7425,31.7070416666667,4.17554166666667,2.31833333333333,75.7956666666667,1
CT-02,CT-02_CT-02_image-00071_ai-generated,CT-02_image-00071_ai-generated.tiff,2,1.31283333333333,5.51004166666667,13.172125,3.680875,2.08820833333333,26.0403333333333,1
CT-02,CT-02_CT-02_image-00071_ai-generated,CT-02_image-00071_ai-generated.tiff,3,1.42129166666667,5.15866666666667,12.999,3.437375,1.72391666666667,24.8984583333333,1
CT-02,CT-02_CT-02_image-00071_ai-generated,CT-02_image-00071_ai-generated.tiff,4,1.242125,5.10125,12.5860833333333,3.35420833333333,1.66370833333333,24.0264583333333,1
CT-02,CT-02_CT-02_image-00071_ai-generated,CT-02_image-00071_ai-generated.tiff,5,1.243375,5.10258333333333,12.8491666666667,3.45766666666667,1.59166666666667,24.3248333333333,1
CT-02,CT-02_CT-02_image-00071_ai-generated,CT-02_image-00071_ai-generated.tiff,6,1.24166666666667,5.07745833333333,13.013875,3.4305,1.562125,24.3690833333333,1
CT-02,CT-02_CT-02_image-00071_ai-generated,CT-02_image-00071_ai-generated.tiff,7,1.246125,5.07908333333333,13.016625,3.34370833333333,1.53091666666667,24.3169583333333,1
CT-02,CT-02_CT-02_image-00071_ai-generated,CT-02_image-00071_ai-generated.tiff,8,1.23125,5.0605,12.7817916666667,3.340375,1.493875,23.9778333333333,1
CT-02,CT-02_CT-02_image-00071_ai-generated,CT-02_image-00071_ai-generated.tiff,9,1.22058333333333,4.97066666666667,12.5212083333333,3.30408333333333,1.55475,23.600375,1
CT-02,CT-02_CT-02_image-00071_ai-generated,CT-02_image-00071_ai-generated.tiff,10,1.26470833333333,5.16341666666667,13.1181666666667,3.22845833333333,1.79683333333333,24.594125,1
CT-02,CT-02_CT-02_image-00146_ai-generated,CT-02_image-00146_ai-generated.tiff,1,1.2215,4.96166666666667,13.2324583333333,3.43008333333333,1.53925,24.387875,1
CT-02,CT-02_CT-02_image-00146_ai-generated,CT-02_image-00146_ai-generated.tiff,2,1.248125,4.957875,12.8460833333333,3.40104166666667,1.50558333333333,23.962,1
CT-02,CT-02_CT-02_image-00146_ai-generated,CT-02_image-00146_ai-generated.tiff,3,1.25608333333333,4.93716666666667,12.93375,3.44420833333333,1.49970833333333,24.0746666666667,1
CT-02,CT-02_CT-02_image-00146_ai-generated,CT-02_image-00146_ai-generated.tiff,4,1.227375,4.93804166666667,12.959625,3.35329166666667,1.42425,23.9054583333333,1
CT-02,CT-02_CT-02_image-00146_ai-generated,CT-02_image-00146_ai-generated.tiff,5,1.23625,4.9655,12.5692083333333,3.50025,1.61775,23.8943333333333,1
CT-02,CT-02_CT-02_image-00146_ai-generated,CT-02_image-00146_ai-generated.tiff,6,1.22666666666667,5.03908333333333,13.20875,3.36291666666667,1.4545,24.297,1
CT-02,CT-02_CT-02_image-00146_ai-generated,CT-02_image-00146_ai-generated.tiff,7,1.24425,4.95491666666667,12.8001666666667,3.32966666666667,1.8025,24.1354583333333,1
CT-02,CT-02_CT-02_image-00146_ai-generated,CT-02_image-00146_ai-generated.tiff,8,1.19875,4.93945833333333,13.25675,3.51395833333333,1.45866666666667,24.3714166666667,1
CT-02,CT-02_CT-02_image-00146_ai-generated,CT-02_image-00146_ai-generated.tiff,9,1.24791666666667,4.93845833333333,13.3895416666667,3.48820833333333,1.42654166666667,24.493625,1
CT-02,CT-02_CT-02_image-00146_ai-generated,CT-02_image-00146_ai-generated.tiff,10,1.22895833333333,4.93941666666667,13.1474166666667,3.478,1.52075,24.3179166666667,1
CT-03,CT-03_CT-03_image-00000_ai-generated,CT-03_image-00000_ai-generated.tiff,1,1.22158333333333,4.93879166666667,12.9074166666667,3.43441666666667,1.426375,23.9311666666667,1
CT-03,CT-03_CT-03_image-00000_ai-generated,CT-03_image-00000_ai-generated.tiff,2,1.23054166666667,4.94166666666667,13.3816666666667,3.46116666666667,1.418125,24.43575,1
CT-03,CT-03_CT-03_image-00000_ai-generated,CT-03_image-00000_ai-generated.tiff,3,1.22570833333333,4.89,12.928375,3.34591666666667,1.482,23.8765,1
CT-03,CT-03_CT-03_image-00000_ai-generated,CT-03_image-00000_ai-generated.tiff,4,1.25341666666667,4.94891666666667,13.3344166666667,3.34966666666667,1.45391666666667,24.3445416666667,1
CT-03,CT-03_CT-03_image-00000_ai-generated,CT-03_image-00000_ai-generated.tiff,5,1.23125,4.95183333333333,13.0498333333333,3.21808333333333,1.49675,23.952375,1
CT-03,CT-03_CT-03_image-00000_ai-generated,CT-03_image-00000_ai-generated.tiff,6,1.222625,4.90729166666667,12.9062916666667,3.374375,1.63525,24.0520416666667,1
CT-03,CT-03_CT-03_image-00000_ai-generated,CT-03_image-00000_ai-generated.tiff,7,1.25770833333333,5.01616666666667,13.0281666666667,3.20916666666667,1.48516666666667,24.0014583333333,1
CT-03,CT-03_CT-03_image-00000_ai-generated,CT-03_image-00000_ai-generated.tiff,8,1.241375,4.942875,12.126875,3.1485,1.40766666666667,22.871,1
CT-03,CT-03_CT-03_image-00000_ai-generated,CT-03_image-00000_ai-generated.tiff,9,1.23125,4.94116666666667,12.4146666666667,3.16316666666667,1.423625,23.1772083333333,1
CT-03,CT-03_CT-03_image-00000_ai-generated,CT-03_image-00000_ai-generated.tiff,10,1.23845833333333,4.94470833333333,12.58325,3.1795,1.424125,23.3727916666667,1
CT-03,CT-03_CT-03_image-00170_ai-generated,CT-03_image-00170_ai-generated.tiff,1,1.23133333333333,4.956875,12.7480416666667,3.27620833333333,1.45620833333333,23.6725,1
CT-03,CT-03_CT-03_image-00170_ai-generated,CT-03_image-00170_ai-generated.tiff,2,1.24154166666667,4.97375,12.8554166666667,3.28354166666667,1.43825,23.7957083333333,1
CT-03,CT-03_CT-03_image-00170_ai-generated,CT-03_image-00170_ai-generated.tiff,3,1.224875,4.948875,12.782875,3.306125,1.42075,23.6863333333333,1
CT-03,CT-03_CT-03_image-00170_ai-generated,CT-03_image-00170_ai-generated.tiff,4,1.23704166666667,4.950875,12.8335,3.32770833333333,1.416875,23.7681666666667,1
CT-03,CT-03_CT-03_image-00170_ai-generated,CT-03_image-00170_ai-generated.tiff,5,1.59929166666667,4.93295833333333,12.8658333333333,3.32295833333333,1.4295,24.1533333333333,1
CT-03,CT-03_CT-03_image-00170_ai-generated,CT-03_image-00170_ai-generated.tiff,6,1.23945833333333,4.93029166666667,12.9652916666667,3.26720833333333,1.41258333333333,23.817375,1
CT-03,CT-03_CT-03_image-00170_ai-generated,CT-03_image-00170_ai-generated.tiff,7,1.22404166666667,4.94420833333333,12.8052916666667,3.26370833333333,1.41266666666667,23.6521666666667,1
CT-03,CT-03_CT-03_image-00170_ai-generated,CT-03_image-00170_ai-generated.tiff,8,1.24304166666667,4.951,12.6285416666667,3.245375,1.42141666666667,23.4919583333333,1
CT-03,CT-03_CT-03_image-00170_ai-generated,CT-03_image-00170_ai-generated.tiff,9,1.21758333333333,4.94129166666667,12.8020833333333,3.278875,1.41158333333333,23.6534166666667,1
CT-03,CT-03_CT-03_image-00170_ai-generated,CT-03_image-00170_ai-generated.tiff,10,1.238875,4.94266666666667,12.388125,3.3455,1.48541666666667,23.4038333333333,1
CT-03,CT-03_CT-03_image-00352_ai-generated,CT-03_image-00352_ai-generated.tiff,1,1.23258333333333,4.95566666666667,13.032125,3.30783333333333,1.42229166666667,23.954875,1
CT-03,CT-03_CT-03_image-00352_ai-generated,CT-03_image-00352_ai-generated.tiff,2,1.21258333333333,4.972375,12.5091666666667,3.30070833333333,1.498125,23.4975416666667,1
CT-03,CT-03_CT-03_image-00352_ai-generated,CT-03_image-00352_ai-generated.tiff,3,1.22154166666667,4.96804166666667,12.5451666666667,3.327125,1.43745833333333,23.5025,1
CT-03,CT-03_CT-03_image-00352_ai-generated,CT-03_image-00352_ai-generated.tiff,4,1.21733333333333,4.92475,12.751625,3.33679166666667,1.41691666666667,23.6504583333333,1
CT-03,CT-03_CT-03_image-00352_ai-generated,CT-03_image-00352_ai-generated.tiff,5,1.21929166666667,4.92120833333333,12.7701666666667,3.31570833333333,1.41379166666667,23.643,1
CT-03,CT-03_CT-03_image-00352_ai-generated,CT-03_image-00352_ai-generated.tiff,6,1.216375,4.94595833333333,12.6445,3.21529166666667,1.418875,23.4434166666667,1
CT-03,CT-03_CT-03_image-00352_ai-generated,CT-03_image-00352_ai-generated.tiff,7,1.21754166666667,4.91933333333333,12.554375,3.33141666666667,1.54204166666667,23.56775,1
CT-03,CT-03_CT-03_image-00352_ai-generated,CT-03_image-00352_ai-generated.tiff,8,1.23066666666667,4.94791666666667,12.8409166666667,3.315625,1.43045833333333,23.77075,1
CT-03,CT-03_CT-03_image-00352_ai-generated,CT-03_image-00352_ai-generated.tiff,9,1.22925,4.953625,12.6661666666667,3.24533333333333,1.44879166666667,23.5471666666667,1
CT-03,CT-03_CT-03_image-00352_ai-generated,CT-03_image-00352_ai-generated.tiff,10,1.22308333333333,4.916125,12.4027083333333,3.31341666666667,1.43704166666667,23.2954583333333,1
MR-01,MR-01_MR-01_image-00008_ai-generated,MR-01_image-00008_ai-generated.tiff,1,1.16766666666667,4.92120833333333,13.0542916666667,3.1985,1.59604166666667,23.9446666666667,1
MR-01,MR-01_MR-01_image-00008_ai-generated,MR-01_image-00008_ai-generated.tiff,2,1.1495,4.94066666666667,12.9815,3.45429166666667,1.45125,23.9816666666667,1
MR-01,MR-01_MR-01_image-00008_ai-generated,MR-01_image-00008_ai-generated.tiff,3,1.66370833333333,4.93595833333333,12.9989583333333,3.438625,1.43633333333333,24.477375,1
MR-01,MR-01_MR-01_image-00008_ai-generated,MR-01_image-00008_ai-generated.tiff,4,1.22341666666667,4.90875,13.0117083333333,3.44691666666667,1.42366666666667,24.01725,1
MR-01,MR-01_MR-01_image-00008_ai-generated,MR-01_image-00008_ai-generated.tiff,5,1.20945833333333,4.93754166666667,12.8710833333333,3.34054166666667,1.41575,23.7769166666667,1
MR-01,MR-01_MR-01_image-00008_ai-generated,MR-01_image-00008_ai-generated.tiff,6,1.22070833333333,4.95316666666667,12.777375,3.41933333333333,1.40983333333333,23.782625,1
MR-01,MR-01_MR-01_image-00008_ai-generated,MR-01_image-00008_ai-generated.tiff,7,1.21129166666667,4.94554166666667,12.62725,3.34729166666667,1.41741666666667,23.55125,1
MR-01,MR-01_MR-01_image-00008_ai-generated,MR-01_image-00008_ai-generated.tiff,8,1.21895833333333,4.939375,12.713125,3.42016666666667,1.41379166666667,23.7077083333333,1
MR-01,MR-01_MR-01_image-00008_ai-generated,MR-01_image-00008_ai-generated.tiff,9,1.216625,4.92754166666667,12.7550833333333,3.392,1.40975,23.7032916666667,1
MR-01,MR-01_MR-01_image-00008_ai-generated,MR-01_image-00008_ai-generated.tiff,10,1.212875,4.92783333333333,12.5192916666667,3.34875,1.40845833333333,23.4193333333333,1
MR-01,MR-01_MR-01_image-00014_ai-generated,MR-01_image-00014_ai-generated.tiff,1,1.22333333333333,5.014125,13.4674166666667,3.49245833333333,1.590125,24.79225,1
MR-01,MR-01_MR-01_image-00014_ai-generated,MR-01_image-00014_ai-generated.tiff,2,1.220875,5.12358333333333,12.51875,3.267125,1.58291666666667,23.7215833333333,1
MR-01,MR-01_MR-01_image-00014_ai-generated,MR-01_image-00014_ai-generated.tiff,3,1.22116666666667,4.99125,12.2763333333333,3.22841666666667,1.455875,23.177125,1
MR-01,MR-01_MR-01_image-00014_ai-generated,MR-01_image-00014_ai-generated.tiff,4,1.246375,4.98083333333333,12.3859166666667,3.17195833333333,1.51870833333333,23.3073333333333,1
MR-01,MR-01_MR-01_image-00014_ai-generated,MR-01_image-00014_ai-generated.tiff,5,1.23970833333333,5.024875,12.3735416666667,3.41058333333333,1.45983333333333,23.512375,1
MR-01,MR-01_MR-01_image-00014_ai-generated,MR-01_image-00014_ai-generated.tiff,6,1.23054166666667,4.938625,12.865625,3.49395833333333,1.42625,23.958375,1
MR-01,MR-01_MR-01_image-00014_ai-generated,MR-01_image-00014_ai-generated.tiff,7,1.22004166666667,4.9695,12.899375,3.36720833333333,1.428625,23.88775,1
MR-01,MR-01_MR-01_image-00014_ai-generated,MR-01_image-00014_ai-generated.tiff,8,1.21879166666667,4.93475,12.6975416666667,3.392125,1.42025,23.666125,1
MR-01,MR-01_MR-01_image-00014_ai-generated,MR-01_image-00014_ai-generated.tiff,9,1.22525,4.91333333333333,12.1194583333333,3.16429166666667,1.416625,22.8422083333333,1
MR-01,MR-01_MR-01_image-00014_ai-generated,MR-01_image-00014_ai-generated.tiff,10,1.21845833333333,4.95445833333333,12.3655416666667,3.19058333333333,1.46370833333333,23.1955416666667,1
MR-01,MR-01_MR-01_image-00021_ai-generated,MR-01_image-00021_ai-generated.tiff,1,1.65191666666667,4.970125,12.6607083333333,3.30929166666667,1.63295833333333,24.2307083333333,1
MR-01,MR-01_MR-01_image-00021_ai-generated,MR-01_image-00021_ai-generated.tiff,2,1.25591666666667,5.15625,12.6615,3.30704166666667,1.66804166666667,24.0560833333333,1
MR-01,MR-01_MR-01_image-00021_ai-generated,MR-01_image-00021_ai-generated.tiff,3,1.24133333333333,4.97154166666667,12.4013333333333,3.14320833333333,1.44725,23.2105416666667,1
MR-01,MR-01_MR-01_image-00021_ai-generated,MR-01_image-00021_ai-generated.tiff,4,1.1865,4.963625,12.598,3.171375,1.44858333333333,23.3717083333333,1
MR-01,MR-01_MR-01_image-00021_ai-generated,MR-01_image-00021_ai-generated.tiff,5,1.22229166666667,4.96208333333333,12.513375,3.181625,1.422375,23.3045416666667,1
MR-01,MR-01_MR-01_image-00021_ai-generated,MR-01_image-00021_ai-generated.tiff,6,1.21458333333333,4.93975,12.6865416666667,3.158625,1.40229166666667,23.404375,1
MR-01,MR-01_MR-01_image-00021_ai-generated,MR-01_image-00021_ai-generated.tiff,7,1.21716666666667,4.92558333333333,12.5717083333333,3.17458333333333,1.39945833333333,23.2909166666667,1
MR-01,MR-01_MR-01_image-00021_ai-generated,MR-01_image-00021_ai-generated.tiff,8,1.2295,4.93175,12.604625,3.171,1.40125,23.340375,1
MR-01,MR-01_MR-01_image-00021_ai-generated,MR-01_image-00021_ai-generated.tiff,9,1.213875,4.96741666666667,12.4337083333333,3.15904166666667,1.41266666666667,23.188875,1
MR-01,MR-01_MR-01_image-00021_ai-generated,MR-01_image-00021_ai-generated.tiff,10,1.21029166666667,4.93025,12.5327916666667,3.17758333333333,1.405125,23.2580833333333,1
MR-02,MR-02_MR-02_image-00000_ai-generated,MR-02_image-00000_ai-generated.tiff,1,1.23195833333333,4.98045833333333,12.7127916666667,3.31654166666667,1.47504166666667,23.7216666666667,1
MR-02,MR-02_MR-02_image-00000_ai-generated,MR-02_image-00000_ai-generated.tiff,2,1.21879166666667,4.94008333333333,12.7357916666667,3.30183333333333,1.54070833333333,23.7410833333333,1
MR-02,MR-02_MR-02_image-00000_ai-generated,MR-02_image-00000_ai-generated.tiff,3,1.21445833333333,4.93183333333333,12.8053333333333,3.24704166666667,1.57804166666667,23.7827083333333,1
MR-02,MR-02_MR-02_image-00000_ai-generated,MR-02_image-00000_ai-generated.tiff,4,1.23166666666667,4.96570833333333,12.5995833333333,3.277625,1.47358333333333,23.5536666666667,1
MR-02,MR-02_MR-02_image-00000_ai-generated,MR-02_image-00000_ai-generated.tiff,5,1.23891666666667,4.95466666666667,12.8059166666667,3.40033333333333,1.435625,23.8389583333333,1
MR-02,MR-02_MR-02_image-00000_ai-generated,MR-02_image-00000_ai-generated.tiff,6,1.22354166666667,4.95770833333333,12.545875,3.2435,1.41991666666667,23.3932083333333,1
MR-02,MR-02_MR-02_image-00000_ai-generated,MR-02_image-00000_ai-generated.tiff,7,1.21641666666667,4.95058333333333,12.3649583333333,3.13379166666667,1.423875,23.0929583333333,1
MR-02,MR-02_MR-02_image-00000_ai-generated,MR-02_image-00000_ai-generated.tiff,8,1.23595833333333,4.932,12.2875416666667,3.24245833333333,1.41808333333333,23.1193333333333,1
MR-02,MR-02_MR-02_image-00000_ai-generated,MR-02_image-00000_ai-generated.tiff,9,1.23825,4.9375,12.3403333333333,3.292125,1.40516666666667,23.216,1
MR-02,MR-02_MR-02_image-00000_ai-generated,MR-02_image-00000_ai-generated.tiff,10,1.22558333333333,4.94591666666667,12.2400416666667,3.20508333333333,1.40375,23.0226666666667,1
MR-02,MR-02_MR-02_image-00006_ai-generated,MR-02_image-00006_ai-generated.tiff,1,1.22191666666667,4.965375,12.9712083333333,3.27891666666667,1.42408333333333,23.8640833333333,1
MR-02,MR-02_MR-02_image-00006_ai-generated,MR-02_image-00006_ai-generated.tiff,2,1.223875,4.972125,12.629625,3.28058333333333,1.41216666666667,23.520625,1
MR-02,MR-02_MR-02_image-00006_ai-generated,MR-02_image-00006_ai-generated.tiff,3,1.22054166666667,4.972875,12.4862083333333,3.23275,1.61291666666667,23.5302083333333,1
MR-02,MR-02_MR-02_image-00006_ai-generated,MR-02_image-00006_ai-generated.tiff,4,1.228875,4.962375,12.6042916666667,3.19079166666667,1.463875,23.4550833333333,1
MR-02,MR-02_MR-02_image-00006_ai-generated,MR-02_image-00006_ai-generated.tiff,5,1.22270833333333,4.9495,12.307625,3.25395833333333,1.46345833333333,23.2020833333333,1
MR-02,MR-02_MR-02_image-00006_ai-generated,MR-02_image-00006_ai-generated.tiff,6,1.236875,4.93425,12.2747916666667,3.206125,1.43295833333333,23.0880833333333,1
MR-02,MR-02_MR-02_image-00006_ai-generated,MR-02_image-00006_ai-generated.tiff,7,1.21275,4.98266666666667,12.4659166666667,3.154375,1.41745833333333,23.2358333333333,1
MR-02,MR-02_MR-02_image-00006_ai-generated,MR-02_image-00006_ai-generated.tiff,8,1.20883333333333,4.957125,12.3351666666667,3.20258333333333,1.41054166666667,23.11675,1
MR-02,MR-02_MR-02_image-00006_ai-generated,MR-02_image-00006_ai-generated.tiff,9,1.225375,4.98554166666667,12.518125,3.17933333333333,1.43429166666667,23.34525,1
MR-02,MR-02_MR-02_image-00006_ai-generated,MR-02_image-00006_ai-generated.tiff,10,1.22370833333333,4.93816666666667,12.296875,3.19616666666667,1.41258333333333,23.0697916666667,1
MR-02,MR-02_MR-02_image-00013_ai-generated,MR-02_image-00013_ai-generated.tiff,1,1.241875,4.95479166666667,12.642125,3.33845833333333,1.41295833333333,23.5930416666667,1
MR-02,MR-02_MR-02_image-00013_ai-generated,MR-02_image-00013_ai-generated.tiff,2,1.21133333333333,4.92654166666667,12.8060833333333,3.317375,1.412375,23.6760833333333,1
MR-02,MR-02_MR-02_image-00013_ai-generated,MR-02_image-00013_ai-generated.tiff,3,1.2165,4.91925,12.836125,3.30225,1.40083333333333,23.677375,1
MR-02,MR-02_MR-02_image-00013_ai-generated,MR-02_image-00013_ai-generated.tiff,4,1.23195833333333,4.93375,12.656625,3.42895833333333,1.6425,23.8989583333333,1
MR-02,MR-02_MR-02_image-00013_ai-generated,MR-02_image-00013_ai-generated.tiff,5,1.23983333333333,4.95691666666667,13.1357916666667,3.39779166666667,1.45054166666667,24.1859583333333,1
MR-02,MR-02_MR-02_image-00013_ai-generated,MR-02_image-00013_ai-generated.tiff,6,1.217375,4.89316666666667,12.5119583333333,3.42204166666667,1.45416666666667,23.5026666666667,1
MR-02,MR-02_MR-02_image-00013_ai-generated,MR-02_image-00013_ai-generated.tiff,7,1.230625,4.92270833333333,12.898125,3.424375,1.412125,23.891125,1
MR-02,MR-02_MR-02_image-00013_ai-generated,MR-02_image-00013_ai-generated.tiff,8,1.21454166666667,4.93183333333333,12.8674583333333,3.4045,1.41516666666667,23.8359166666667,1
MR-02,MR-02_MR-02_image-00013_ai-generated,MR-02_image-00013_ai-generated.tiff,9,1.595375,4.948,13.101625,3.44383333333333,1.43275,24.524875,1
MR-02,MR-02_MR-02_image-00013_ai-generated,MR-02_image-00013_ai-generated.tiff,10,1.214875,4.954625,12.3477916666667,3.22579166666667,1.44,23.185875,1
MR-03,MR-03_MR-03_image-00004_ai-generated,MR-03_image-00004_ai-generated.tiff,1,1.22833333333333,4.9715,12.708,3.25308333333333,1.513,23.6809166666667,1
MR-03,MR-03_MR-03_image-00004_ai-generated,MR-03_image-00004_ai-generated.tiff,2,1.23241666666667,4.949125,12.2112083333333,3.17375,1.45004166666667,23.0202083333333,1
MR-03,MR-03_MR-03_image-00004_ai-generated,MR-03_image-00004_ai-generated.tiff,3,1.22775,4.94341666666667,12.232375,3.12995833333333,1.435125,22.9717083333333,1
MR-03,MR-03_MR-03_image-00004_ai-generated,MR-03_image-00004_ai-generated.tiff,4,1.219,5.02625,12.7914583333333,3.35354166666667,1.57820833333333,23.9748333333333,1
MR-03,MR-03_MR-03_image-00004_ai-generated,MR-03_image-00004_ai-generated.tiff,5,1.24045833333333,5.04654166666667,12.4315416666667,3.32779166666667,1.53783333333333,23.5900416666667,1
MR-03,MR-03_MR-03_image-00004_ai-generated,MR-03_image-00004_ai-generated.tiff,6,1.23391666666667,4.971625,12.495625,3.35725,1.44741666666667,23.5095833333333,1
MR-03,MR-03_MR-03_image-00004_ai-generated,MR-03_image-00004_ai-generated.tiff,7,1.225,4.936875,12.4398333333333,3.26208333333333,1.41141666666667,23.27825,1
MR-03,MR-03_MR-03_image-00004_ai-generated,MR-03_image-00004_ai-generated.tiff,8,1.21,4.94129166666667,12.4973333333333,3.269,1.41770833333333,23.3379166666667,1
MR-03,MR-03_MR-03_image-00004_ai-generated,MR-03_image-00004_ai-generated.tiff,9,1.220875,4.92475,12.4869166666667,3.24379166666667,1.41033333333333,23.2892083333333,1
MR-03,MR-03_MR-03_image-00004_ai-generated,MR-03_image-00004_ai-generated.tiff,10,1.22775,4.92995833333333,12.52775,3.26366666666667,1.42633333333333,23.3777916666667,1
MR-03,MR-03_MR-03_image-00010_ai-generated,MR-03_image-00010_ai-generated.tiff,1,1.24179166666667,4.958,12.7924583333333,3.273,1.4195,23.6874583333333,1
MR-03,MR-03_MR-03_image-00010_ai-generated,MR-03_image-00010_ai-generated.tiff,2,1.22075,4.92266666666667,12.9612916666667,3.25016666666667,1.418,23.7753333333333,1
MR-03,MR-03_MR-03_image-00010_ai-generated,MR-03_image-00010_ai-generated.tiff,3,1.22041666666667,4.92058333333333,12.9564166666667,3.25066666666667,1.409875,23.7600833333333,1
MR-03,MR-03_MR-03_image-00010_ai-generated,MR-03_image-00010_ai-generated.tiff,4,1.21445833333333,4.90875,12.8006666666667,3.43404166666667,1.50058333333333,23.8615416666667,1
MR-03,MR-03_MR-03_image-00010_ai-generated,MR-03_image-00010_ai-generated.tiff,5,1.26258333333333,5.003125,13.2310416666667,3.37120833333333,1.69708333333333,24.572375,1
MR-03,MR-03_MR-03_image-00010_ai-generated,MR-03_image-00010_ai-generated.tiff,6,1.23945833333333,4.98729166666667,12.5317916666667,3.26375,1.4765,23.5037916666667,1
MR-03,MR-03_MR-03_image-00010_ai-generated,MR-03_image-00010_ai-generated.tiff,7,1.57458333333333,4.944125,12.9287916666667,3.26991666666667,1.44479166666667,24.1659583333333,1
MR-03,MR-03_MR-03_image-00010_ai-generated,MR-03_image-00010_ai-generated.tiff,8,1.21258333333333,4.93916666666667,13.1310833333333,3.264,1.42504166666667,23.9745416666667,1
MR-03,MR-03_MR-03_image-00010_ai-generated,MR-03_image-00010_ai-generated.tiff,9,1.22291666666667,4.964,13.38525,3.2575,1.44154166666667,24.2739583333333,1
MR-03,MR-03_MR-03_image-00010_ai-generated,MR-03_image-00010_ai-generated.tiff,10,1.21670833333333,4.977625,12.550375,3.25508333333333,1.47970833333333,23.48375,1
MR-03,MR-03_MR-03_image-00016_ai-generated,MR-03_image-00016_ai-generated.tiff,1,1.22179166666667,4.99720833333333,12.801875,3.38841666666667,1.43141666666667,23.8442083333333,1
MR-03,MR-03_MR-03_image-00016_ai-generated,MR-03_image-00016_ai-generated.tiff,2,1.22633333333333,4.96683333333333,13.13225,3.42333333333333,1.432875,24.185125,1
MR-03,MR-03_MR-03_image-00016_ai-generated,MR-03_image-00016_ai-generated.tiff,3,1.220625,4.93733333333333,12.9081666666667,3.37833333333333,1.42579166666667,23.87275,1
MR-03,MR-03_MR-03_image-00016_ai-generated,MR-03_image-00016_ai-generated.tiff,4,1.21979166666667,4.93145833333333,12.89425,3.40141666666667,1.42191666666667,23.8712916666667,1
MR-03,MR-03_MR-03_image-00016_ai-generated,MR-03_image-00016_ai-generated.tiff,5,1.221875,5.05591666666667,13.0910416666667,3.5215,1.6655,24.5616666666667,1
MR-03,MR-03_MR-03_image-00016_ai-generated,MR-03_image-00016_ai-generated.tiff,6,1.24358333333333,4.98295833333333,12.48425,3.31608333333333,1.47008333333333,23.5021666666667,1
MR-03,MR-03_MR-03_image-00016_ai-generated,MR-03_image-00016_ai-generated.tiff,7,1.22225,4.942875,12.5554583333333,3.23829166666667,1.43625,23.39825,1
MR-03,MR-03_MR-03_image-00016_ai-generated,MR-03_image-00016_ai-generated.tiff,8,1.22004166666667,4.97683333333333,12.95525,3.41666666666667,1.48558333333333,24.0585416666667,1
MR-03,MR-03_MR-03_image-00016_ai-generated,MR-03_image-00016_ai-generated.tiff,9,1.22516666666667,4.92520833333333,12.714125,3.301625,1.43054166666667,23.5997916666667,1
MR-03,MR-03_MR-03_image-00016_ai-generated,MR-03_image-00016_ai-generated.tiff,10,1.23325,4.93154166666667,12.7951666666667,3.29358333333333,1.43329166666667,23.6893333333333,1
MR-04,MR-04_MR-04_image-00008_ai-generated,MR-04_image-00008_ai-generated.tiff,1,1.226125,4.926875,12.819125,3.32854166666667,1.46529166666667,23.77,1
MR-04,MR-04_MR-04_image-00008_ai-generated,MR-04_image-00008_ai-generated.tiff,2,1.22829166666667,4.97454166666667,12.448625,3.20004166666667,1.43258333333333,23.2872083333333,1
MR-04,MR-04_MR-04_image-00008_ai-generated,MR-04_image-00008_ai-generated.tiff,3,1.22166666666667,4.94008333333333,12.46025,3.27495833333333,1.4165,23.3162916666667,1
MR-04,MR-04_MR-04_image-00008_ai-generated,MR-04_image-00008_ai-generated.tiff,4,1.22566666666667,4.95120833333333,12.618875,3.32545833333333,1.42333333333333,23.5469583333333,1
MR-04,MR-04_MR-04_image-00008_ai-generated,MR-04_image-00008_ai-generated.tiff,5,1.54091666666667,4.922125,12.6396666666667,3.41829166666667,1.44433333333333,23.9685416666667,1
MR-04,MR-04_MR-04_image-00008_ai-generated,MR-04_image-00008_ai-generated.tiff,6,1.21983333333333,4.92020833333333,12.8194583333333,3.43383333333333,1.425625,23.8217083333333,1
MR-04,MR-04_MR-04_image-00008_ai-generated,MR-04_image-00008_ai-generated.tiff,7,1.216875,4.910625,12.7589583333333,3.399375,1.41191666666667,23.7001666666667,1
MR-04,MR-04_MR-04_image-00008_ai-generated,MR-04_image-00008_ai-generated.tiff,8,1.21654166666667,4.91345833333333,12.7250833333333,3.319875,1.416125,23.5935833333333,1
MR-04,MR-04_MR-04_image-00008_ai-generated,MR-04_image-00008_ai-generated.tiff,9,1.21583333333333,4.93391666666667,12.8202083333333,3.45516666666667,1.44025,23.86775,1
MR-04,MR-04_MR-04_image-00008_ai-generated,MR-04_image-00008_ai-generated.tiff,10,1.21458333333333,4.94716666666667,12.802375,3.36120833333333,1.43420833333333,23.762,1
MR-04,MR-04_MR-04_image-00014_ai-generated,MR-04_image-00014_ai-generated.tiff,1,1.22891666666667,4.994875,12.349625,3.34333333333333,1.52279166666667,23.4445833333333,1
MR-04,MR-04_MR-04_image-00014_ai-generated,MR-04_image-00014_ai-generated.tiff,2,1.25216666666667,4.940375,12.424125,3.260125,1.433875,23.3145416666667,1
MR-04,MR-04_MR-04_image-00014_ai-generated,MR-04_image-00014_ai-generated.tiff,3,1.21558333333333,4.92229166666667,12.6325833333333,3.20779166666667,1.4295,23.4108333333333,1
MR-04,MR-04_MR-04_image-00014_ai-generated,MR-04_image-00014_ai-generated.tiff,4,1.21645833333333,4.93566666666667,12.3783333333333,3.25270833333333,1.40608333333333,23.1918333333333,1
MR-04,MR-04_MR-04_image-00014_ai-generated,MR-04_image-00014_ai-generated.tiff,5,1.21308333333333,4.90754166666667,12.694875,3.22041666666667,1.39775,23.4358333333333,1
MR-04,MR-04_MR-04_image-00014_ai-generated,MR-04_image-00014_ai-generated.tiff,6,1.21566666666667,4.90520833333333,12.7384166666667,3.27904166666667,1.41733333333333,23.5577916666667,1
MR-04,MR-04_MR-04_image-00014_ai-generated,MR-04_image-00014_ai-generated.tiff,7,1.21733333333333,4.923625,12.6605,3.28416666666667,1.39641666666667,23.4841666666667,1
MR-04,MR-04_MR-04_image-00014_ai-generated,MR-04_image-00014_ai-generated.tiff,8,1.20975,4.91270833333333,12.618625,3.266625,1.40058333333333,23.4104166666667,1
MR-04,MR-04_MR-04_image-00014_ai-generated,MR-04_image-00014_ai-generated.tiff,9,1.22116666666667,4.91816666666667,12.4530416666667,3.16841666666667,1.417625,23.1805,1
MR-04,MR-04_MR-04_image-00014_ai-generated,MR-04_image-00014_ai-generated.tiff,10,1.21679166666667,4.93304166666667,12.5830416666667,3.20766666666667,1.400375,23.3429583333333,1
MR-04,MR-04_MR-04_image-00019_ai-generated,MR-04_image-00019_ai-generated.tiff,1,1.24420833333333,4.946625,12.7932083333333,3.34516666666667,1.491875,23.825625,1
MR-04,MR-04_MR-04_image-00019_ai-generated,MR-04_image-00019_ai-generated.tiff,2,1.223125,4.98054166666667,12.5058333333333,3.20083333333333,1.42658333333333,23.3401666666667,1
MR-04,MR-04_MR-04_image-00019_ai-generated,MR-04_image-00019_ai-generated.tiff,3,1.53875,4.945875,13.2360416666667,3.39841666666667,1.45875,24.5820833333333,1
MR-04,MR-04_MR-04_image-00019_ai-generated,MR-04_image-00019_ai-generated.tiff,4,1.21829166666667,4.95091666666667,13.4525833333333,3.419375,1.424625,24.4685833333333,1
MR-04,MR-04_MR-04_image-00019_ai-generated,MR-04_image-00019_ai-generated.tiff,5,1.22754166666667,5.00483333333333,13.1870833333333,3.52795833333333,1.44070833333333,24.3912083333333,1
MR-04,MR-04_MR-04_image-00019_ai-generated,MR-04_image-00019_ai-generated.tiff,6,1.22645833333333,4.97229166666667,13.4169166666667,3.49545833333333,1.42070833333333,24.5342916666667,1
MR-04,MR-04_MR-04_image-00019_ai-generated,MR-04_image-00019_ai-generated.tiff,7,1.22108333333333,4.91633333333333,13.1419583333333,3.41195833333333,1.42379166666667,24.117375,1
MR-04,MR-04_MR-04_image-00019_ai-generated,MR-04_image-00019_ai-generated.tiff,8,1.248875,4.93595833333333,13.0707916666667,3.4755,1.40533333333333,24.1387083333333,1
MR-04,MR-04_MR-04_image-00019_ai-generated,MR-04_image-00019_ai-generated.tiff,9,1.226375,4.91054166666667,13.2008333333333,3.42370833333333,1.42120833333333,24.1850416666667,1
MR-04,MR-04_MR-04_image-00019_ai-generated,MR-04_image-00019_ai-generated.tiff,10,1.22020833333333,4.90858333333333,12.7269583333333,3.414875,1.44529166666667,23.7185416666667,1
MR-05,MR-05_MR-05_image-00000_ai-generated,MR-05_image-00000_ai-generated.tiff,1,1.25366666666667,4.99658333333333,12.682375,3.26654166666667,1.46154166666667,23.6653333333333,1
MR-05,MR-05_MR-05_image-00000_ai-generated,MR-05_image-00000_ai-generated.tiff,2,1.22170833333333,4.937875,12.527375,3.21808333333333,1.476625,23.384875,1
MR-05,MR-05_MR-05_image-00000_ai-generated,MR-05_image-00000_ai-generated.tiff,3,1.19016666666667,4.94829166666667,13.2607083333333,3.41820833333333,1.45129166666667,24.27225,1
MR-05,MR-05_MR-05_image-00000_ai-generated,MR-05_image-00000_ai-generated.tiff,4,1.22483333333333,4.93283333333333,13.0368333333333,3.4675,1.42766666666667,24.0923333333333,1
MR-05,MR-05_MR-05_image-00000_ai-generated,MR-05_image-00000_ai-generated.tiff,5,1.218625,4.93079166666667,13.2285,3.11733333333333,1.49495833333333,23.994125,1
MR-05,MR-05_MR-05_image-00000_ai-generated,MR-05_image-00000_ai-generated.tiff,6,1.228875,4.95166666666667,12.43775,3.16741666666667,1.447875,23.2372083333333,1
MR-05,MR-05_MR-05_image-00000_ai-generated,MR-05_image-00000_ai-generated.tiff,7,1.22641666666667,4.94529166666667,12.442875,3.14320833333333,1.41325,23.1738333333333,1
MR-05,MR-05_MR-05_image-00000_ai-generated,MR-05_image-00000_ai-generated.tiff,8,1.22366666666667,4.95320833333333,12.312125,3.17854166666667,1.420625,23.0906666666667,1
MR-05,MR-05_MR-05_image-00000_ai-generated,MR-05_image-00000_ai-generated.tiff,9,1.22133333333333,4.91858333333333,12.386375,3.177375,1.41516666666667,23.1212083333333,1
MR-05,MR-05_MR-05_image-00000_ai-generated,MR-05_image-00000_ai-generated.tiff,10,1.22395833333333,4.939,12.368625,3.427,1.41466666666667,23.3758333333333,1
MR-05,MR-05_MR-05_image-00006_ai-generated,MR-05_image-00006_ai-generated.tiff,1,1.68270833333333,4.98029166666667,13.1294166666667,3.55483333333333,1.49445833333333,24.8474166666667,1
MR-05,MR-05_MR-05_image-00006_ai-generated,MR-05_image-00006_ai-generated.tiff,2,1.23475,4.98754166666667,12.6363333333333,3.25904166666667,1.49370833333333,23.6162916666667,1
MR-05,MR-05_MR-05_image-00006_ai-generated,MR-05_image-00006_ai-generated.tiff,3,1.23054166666667,4.96870833333333,12.7103333333333,3.19608333333333,1.42208333333333,23.531375,1
MR-05,MR-05_MR-05_image-00006_ai-generated,MR-05_image-00006_ai-generated.tiff,4,1.22479166666667,4.92683333333333,12.4447916666667,3.2235,1.42854166666667,23.2511666666667,1
MR-05,MR-05_MR-05_image-00006_ai-generated,MR-05_image-00006_ai-generated.tiff,5,1.214875,4.91654166666667,12.462125,3.18966666666667,1.418875,23.2045416666667,1
MR-05,MR-05_MR-05_image-00006_ai-generated,MR-05_image-00006_ai-generated.tiff,6,1.216,4.91470833333333,12.6628333333333,3.198,1.41220833333333,23.406125,1
MR-05,MR-05_MR-05_image-00006_ai-generated,MR-05_image-00006_ai-generated.tiff,7,1.216125,4.91170833333333,12.41025,3.14670833333333,1.40683333333333,23.094,1
MR-05,MR-05_MR-05_image-00006_ai-generated,MR-05_image-00006_ai-generated.tiff,8,1.21566666666667,4.90604166666667,12.4829166666667,3.18454166666667,1.40741666666667,23.1989166666667,1
MR-05,MR-05_MR-05_image-00006_ai-generated,MR-05_image-00006_ai-generated.tiff,9,1.21141666666667,4.91420833333333,12.6000833333333,3.18854166666667,1.40816666666667,23.3247083333333,1
MR-05,MR-05_MR-05_image-00006_ai-generated,MR-05_image-00006_ai-generated.tiff,10,1.25229166666667,4.916625,12.4535416666667,3.24304166666667,1.425625,23.2933333333333,1
MR-05,MR-05_MR-05_image-00013_ai-generated,MR-05_image-00013_ai-generated.tiff,1,1.22645833333333,5.19179166666667,12.4784583333333,3.32720833333333,1.70525,23.9369166666667,1
MR-05,MR-05_MR-05_image-00013_ai-generated,MR-05_image-00013_ai-generated.tiff,2,1.243,4.98779166666667,12.3452916666667,3.23383333333333,1.456625,23.2715833333333,1
MR-05,MR-05_MR-05_image-00013_ai-generated,MR-05_image-00013_ai-generated.tiff,3,1.222125,4.98383333333333,12.693375,3.26641666666667,1.43383333333333,23.6025416666667,1
MR-05,MR-05_MR-05_image-00013_ai-generated,MR-05_image-00013_ai-generated.tiff,4,1.217625,4.97395833333333,12.8002916666667,3.30645833333333,1.405875,23.7069583333333,1
MR-05,MR-05_MR-05_image-00013_ai-generated,MR-05_image-00013_ai-generated.tiff,5,1.22091666666667,4.96116666666667,12.4264583333333,3.34,1.40670833333333,23.3577916666667,1
MR-05,MR-05_MR-05_image-00013_ai-generated,MR-05_image-00013_ai-generated.tiff,6,1.21566666666667,4.95325,12.61425,3.2675,1.42033333333333,23.473375,1
MR-05,MR-05_MR-05_image-00013_ai-generated,MR-05_image-00013_ai-generated.tiff,7,1.22383333333333,4.94241666666667,12.318625,3.26433333333333,1.40841666666667,23.1599166666667,1
MR-05,MR-05_MR-05_image-00013_ai-generated,MR-05_image-00013_ai-generated.tiff,8,1.21458333333333,4.92395833333333,12.3584583333333,3.25654166666667,1.421125,23.1770416666667,1
MR-05,MR-05_MR-05_image-00013_ai-generated,MR-05_image-00013_ai-generated.tiff,9,1.21779166666667,4.93583333333333,12.5116666666667,3.30129166666667,1.425375,23.3942083333333,1
MR-05,MR-05_MR-05_image-00013_ai-generated,MR-05_image-00013_ai-generated.tiff,10,1.21629166666667,4.943375,12.50925,3.17979166666667,1.41629166666667,23.2676666666667,1
