Series,ImageID,Filename,HashMedianMs,HashQ1Ms,HashQ3Ms,SignMedianMs,SignQ1Ms,SignQ3Ms,EmbedMedianMs,EmbedQ1Ms,EmbedQ3Ms,ExtractRecoverMedianMs,ExtractRecoverQ1Ms,ExtractRecoverQ3Ms,VerifyMedianMs,VerifyQ1Ms,VerifyQ3Ms,TotalMedianMs,TotalQ1Ms,TotalQ3Ms
CT-01,CT-01_image-00000,image-00000.tiff,1.42983333333333,1.38971875,1.47,5.30175,5.26839583333333,5.34025,13.189375,13.0872916666667,13.35559375,3.41841666666667,3.38171875,3.51922916666667,2.70366666666667,2.4458125,3.11814583333333,26.131375,26.0518958333333,26.6131979166667
CT-01,CT-01_image-00006,image-00006.tiff,1.3464375,1.3116875,1.429625,5.08354166666667,5.06685416666667,5.13795833333333,12.5867708333333,12.5631979166667,12.6758854166667,3.3093125,3.269,3.41608333333333,1.74454166666667,1.67289583333333,1.88726041666667,24.2069375,23.98915625,24.7675729166667
CT-01,CT-01_image-00018,image-00018.tiff,1.25358333333333,1.24533333333333,1.25946875,5.0691875,5.03138541666667,5.09555208333333,12.7159791666667,12.609125,12.81275,3.3366875,3.29319791666667,3.37277083333333,1.59577083333333,1.57366666666667,1.65425,24.0064375,23.8310729166667,24.0821666666667
CT-01,CT-01_image-00024,image-00024.tiff,1.24972916666667,1.24629166666667,1.25513541666667,5.05766666666667,5.03119791666667,5.11458333333333,12.8657916666667,12.7573125,12.99228125,3.4001875,3.36248958333333,3.43826041666667,1.60716666666667,1.57809375,1.66225,24.2894375,24.1291145833333,24.3473854166667
CT-01,CT-01_image-00036,image-00036.tiff,1.25425,1.24536458333333,1.27826041666667,5.12335416666667,5.05375,5.15558333333333,12.6686041666667,12.5553333333333,13.20109375,3.32627083333333,3.25571875,3.55277083333333,1.63670833333333,1.52834375,1.81626041666667,24.0704166666667,23.6704166666667,25.0247708333333
CT-01,CT-01_image-00042,image-00042.tiff,1.23416666666667,1.21253125,1.24589583333333,4.98379166666667,4.97279166666667,5.00894791666667,12.6395416666667,12.5628229166667,12.8731041666667,3.31247916666667,3.29128125,3.32516666666667,1.47883333333333,1.44277083333333,1.51317708333333,23.6044166666667,23.5358645833333,24.0306041666667
CT-01,CT-01_image-00054,image-00054.tiff,1.23572916666667,1.22609375,1.246375,4.99083333333333,4.97216666666667,5.01338541666667,12.6353333333333,12.4545208333333,12.8424583333333,3.26697916666667,3.2445625,3.33977083333333,1.45983333333333,1.43734375,1.48396875,23.6084791666667,23.4124583333333,24.1358854166667
CT-01,CT-01_image-00060,image-00060.tiff,1.23166666666667,1.22288541666667,1.23751041666667,4.97170833333333,4.96107291666667,4.9808125,12.6699375,12.6229895833333,12.81671875,3.324375,3.2984375,3.34180208333333,1.44745833333333,1.43405208333333,1.46944791666667,23.694125,23.56359375,23.8830729166667
CT-01,CT-01_image-00073,image-00073.tiff,1.22752083333333,1.220625,1.2386875,4.94445833333333,4.939,4.978125,12.5704166666667,12.4306145833333,12.7378958333333,3.22360416666667,3.17940625,3.29720833333333,1.43260416666667,1.42420833333333,1.46347916666667,23.5193958333333,23.2181666666667,23.6694895833333
CT-01,CT-01_image-00079,image-00079.tiff,1.21689583333333,1.215,1.22008333333333,4.95039583333333,4.94441666666667,4.98859375,12.703625,12.5503333333333,12.74596875,3.29141666666667,3.286,3.35191666666667,1.426625,1.417125,1.44183333333333,23.565875,23.498125,23.64696875
CT-01,CT-01_image-00091,image-00091.tiff,1.22047916666667,1.21523958333333,1.23497916666667,4.97683333333333,4.96938541666667,5.00141666666667,12.4316666666667,12.3595520833333,12.5006041666667,3.2218125,3.17835416666667,3.29923958333333,1.450625,1.43408333333333,1.46458333333333,23.3164583333333,23.1949791666667,23.5107708333333
CT-01,CT-01_image-00097,image-00097.tiff,1.22385416666667,1.21148958333333,1.2313125,4.981125,4.96040625,5.018875,12.6865625,12.63515625,12.7576458333333,3.30629166666667,3.29910416666667,3.31858333333333,1.43195833333333,1.41710416666667,1.55728125,23.6955208333333,23.5319375,23.82028125
CT-01,CT-01_image-00109,image-00109.tiff,1.212375,1.20703125,1.22453125,4.948625,4.94257291666667,4.98025,12.9871875,12.85865625,13.0436354166667,3.463625,3.29490625,3.48173958333333,1.42054166666667,1.41277083333333,1.4455,24.0670416666667,23.9693645833333,24.1855208333333
CT-01,CT-01_image-00115,image-00115.tiff,1.21672916666667,1.21328125,1.224625,4.969625,4.94634375,5.00571875,12.8523125,12.6777916666667,12.9831770833333,3.36079166666667,3.23280208333333,3.40157291666667,1.42510416666667,1.41832291666667,1.45273958333333,23.8081875,23.6973333333333,23.9777916666667
CT-01,CT-01_image-00127,image-00127.tiff,1.216,1.21161458333333,1.23515625,4.97825,4.96376041666667,4.98777083333333,12.750875,12.58109375,12.82703125,3.32845833333333,3.29247916666667,3.39272916666667,1.42608333333333,1.41994791666667,1.45201041666667,23.6594791666667,23.5597083333333,23.96621875
CT-01,CT-01_image-00133,image-00133.tiff,1.21820833333333,1.2105,1.22089583333333,4.9568125,4.94920833333333,4.96315625,12.867375,12.6736145833333,12.9597916666667,3.41341666666667,3.3089375,3.45064583333333,1.42070833333333,1.41728125,1.4384375,23.92,23.6182708333333,24.0081979166667
CT-01,CT-01_image-00145,image-00145.tiff,1.21654166666667,1.21409375,1.22733333333333,4.96029166666667,4.92746875,4.99484375,12.39175,12.3088541666667,12.6098125,3.14345833333333,3.13844791666667,3.17464583333333,1.4388125,1.4116875,1.47813541666667,23.1112083333333,23.0302395833333,23.4624791666667
CT-01,CT-01_image-00151,image-00151.tiff,1.22591666666667,1.21788541666667,1.23726041666667,4.95277083333333,4.92913541666667,4.98683333333333,12.5900625,12.3964270833333,12.69496875,3.27229166666667,3.19985416666667,3.35622916666667,1.44539583333333,1.41796875,1.50821875,23.4180833333333,23.2780833333333,23.86540625
CT-01,CT-01_image-00163,image-00163.tiff,1.21764583333333,1.2135,1.22394791666667,4.95425,4.94526041666667,4.97446875,12.5221041666667,12.4765833333333,12.626875,3.23672916666667,3.21970833333333,3.28604166666667,1.41741666666667,1.40930208333333,1.43158333333333,23.3752708333333,23.34915625,23.4601979166667
CT-01,CT-01_image-00169,image-00169.tiff,1.2253125,1.21839583333333,1.26530208333333,4.9869375,4.95455208333333,5.093875,12.572125,12.5584375,12.7833645833333,3.28866666666667,3.23513541666667,3.34551041666667,1.45358333333333,1.42320833333333,1.52411458333333,23.6772291666667,23.4173541666667,23.96540625
CT-01,CT-01_image-00181,image-00181.tiff,1.21135416666667,1.2068125,1.21541666666667,4.94277083333333,4.9303125,4.948875,12.5121458333333,12.4287708333333,12.5289479166667,3.2063125,3.2011875,3.20842708333333,1.41027083333333,1.4024375,1.41215625,23.2738333333333,23.1943541666667,23.3340625
CT-01,CT-01_image-00187,image-00187.tiff,1.22508333333333,1.2158125,1.24198958333333,4.96179166666667,4.953375,5.00265625,12.8677916666667,12.7068125,13.0198645833333,3.3109375,3.2634375,3.38444791666667,1.42491666666667,1.41496875,1.49265625,23.9604791666667,23.8576666666667,24.045375
CT-01,CT-01_image-00200,image-00200.tiff,1.21604166666667,1.21483333333333,1.21980208333333,4.92483333333333,4.92258333333333,4.95217708333333,13.1228958333333,12.9944375,13.2364791666667,3.408,3.40379166666667,3.43604166666667,1.42589583333333,1.40721875,1.44601041666667,24.12825,24.0415729166667,24.2503854166667
CT-01,CT-01_image-00206,image-00206.tiff,1.21285416666667,1.20794791666667,1.22365625,4.96533333333333,4.94032291666667,4.9876875,12.73975,12.6643958333333,12.8576458333333,3.28454166666667,3.2593125,3.3404375,1.4285625,1.40604166666667,1.44009375,23.6956041666667,23.5334479166667,23.9429479166667
CT-01,CT-01_image-00218,image-00218.tiff,1.21429166666667,1.2098125,1.2256875,4.92233333333333,4.912625,4.97822916666667,12.6976041666667,12.6071666666667,12.7228020833333,3.28704166666667,3.25728125,3.36208333333333,1.41460416666667,1.40379166666667,1.43919791666667,23.526875,23.4332395833333,23.7232291666667
CT-01,CT-01_image-00224,image-00224.tiff,1.215875,1.21117708333333,1.22891666666667,4.94689583333333,4.93896875,4.98052083333333,12.4696041666667,12.4000729166667,12.6011354166667,3.221375,3.21652083333333,3.22396875,1.42958333333333,1.4148125,1.46995833333333,23.3578333333333,23.1981875,23.5404166666667
CT-01,CT-01_image-00230,image-00230.tiff,1.22333333333333,1.2143125,1.22776041666667,4.95179166666667,4.93523958333333,4.96451041666667,12.8029791666667,12.6539791666667,12.9069479166667,3.26660416666667,3.23542708333333,3.32239583333333,1.46202083333333,1.41477083333333,1.49723958333333,23.7974791666667,23.4912395833333,23.8775208333333
CT-01,CT-01_image-00236,image-00236.tiff,1.2205625,1.21055208333333,1.22592708333333,4.95220833333333,4.93596875,4.99190625,12.7583541666667,12.54740625,12.8366979166667,3.28722916666667,3.27486458333333,3.2998125,1.42625,1.41123958333333,1.44945833333333,23.644125,23.46146875,23.75840625
CT-01,CT-01_image-00242,image-00242.tiff,1.227625,1.21507291666667,1.24872916666667,4.94122916666667,4.92232291666667,4.96247916666667,12.3598541666667,12.2169375,12.38853125,3.22429166666667,3.168375,3.2380625,1.42520833333333,1.40911458333333,1.53598958333333,23.1809166666667,22.9992916666667,23.4287916666667
CT-01,CT-01_image-00248,image-00248.tiff,1.21147916666667,1.20659375,1.21746875,4.95252083333333,4.93509375,4.98663541666667,12.8534583333333,12.5841666666667,12.9019270833333,3.3393125,3.26064583333333,3.35152083333333,1.42233333333333,1.41477083333333,1.45357291666667,23.7958541666667,23.50709375,23.8750833333333
CT-01,CT-01_image-00254,image-00254.tiff,1.22229166666667,1.21796875,1.22732291666667,4.93791666666667,4.92533333333333,4.95085416666667,12.9590416666667,12.7060833333333,13.1733958333333,3.32804166666667,3.31541666666667,3.37888541666667,1.4154375,1.41032291666667,1.45334375,24.0100208333333,23.654375,24.1157916666667
CT-01,CT-01_image-00260,image-00260.tiff,1.22089583333333,1.21383333333333,1.25992708333333,4.95347916666667,4.92469791666667,4.99280208333333,12.6730625,12.54871875,12.7188125,3.29152083333333,3.26447916666667,3.35966666666667,1.42508333333333,1.41469791666667,1.44811458333333,23.5456875,23.4639791666667,23.6541145833333
CT-01,CT-01_image-00266,image-00266.tiff,1.2210625,1.21375,1.22802083333333,4.935625,4.92775,4.96728125,12.9135833333333,12.7924791666667,13.1551458333333,3.40079166666667,3.31304166666667,3.46761458333333,1.41320833333333,1.4058125,1.41944791666667,24.02625,23.6717604166667,24.2661041666667
CT-02,CT-02_image-00000,image-00000.tiff,1.22210416666667,1.21871875,1.23370833333333,4.95329166666667,4.93038541666667,4.98760416666667,12.9083333333333,12.8292708333333,13.0631666666667,3.24460416666667,3.227125,3.26661458333333,1.4541875,1.42813541666667,1.46001041666667,23.8164375,23.6833229166667,24.0156979166667
CT-02,CT-02_image-00004,image-00004.tiff,1.22008333333333,1.21601041666667,1.25494791666667,4.93647916666667,4.92520833333333,4.95701041666667,12.429375,12.2571458333333,12.821375,3.24102083333333,3.21425,3.29175,1.42889583333333,1.41339583333333,1.46451041666667,23.2621666666667,23.1480520833333,23.9931041666667
CT-02,CT-02_image-00013,image-00013.tiff,1.218125,1.21492708333333,1.22477083333333,4.92929166666667,4.92596875,4.93210416666667,13.1555208333333,13.0538645833333,13.2547916666667,3.33425,3.32982291666667,3.34446875,1.41395833333333,1.40727083333333,1.41970833333333,24.0505,23.99234375,24.13253125
CT-02,CT-02_image-00018,image-00018.tiff,1.2209375,1.21608333333333,1.22327083333333,4.94485416666667,4.93014583333333,4.95930208333333,12.9363541666667,12.90159375,13.0190104166667,3.31727083333333,3.29077083333333,3.33504166666667,1.42308333333333,1.41539583333333,1.43305208333333,23.84075,23.8098958333333,23.9488854166667
CT-02,CT-02_image-00026,image-00026.tiff,1.219625,1.21611458333333,1.22194791666667,4.92029166666667,4.91469791666667,4.93163541666667,12.6190625,12.5830625,12.6767708333333,3.2063125,3.19982291666667,3.21488541666667,1.413375,1.40242708333333,1.44428125,23.3827083333333,23.348875,23.4674166666667
CT-02,CT-02_image-00031,image-00031.tiff,1.22320833333333,1.21838541666667,1.22753125,4.9539375,4.93225,4.97478125,12.6768125,12.5656354166667,12.8173020833333,3.316375,3.19015625,3.35365625,1.410375,1.40439583333333,1.4415,23.5895,23.5226979166667,23.6355416666667
CT-02,CT-02_image-00040,image-00040.tiff,1.22383333333333,1.21473958333333,1.2391875,4.958125,4.93869791666667,4.97476041666667,12.9623125,12.8713958333333,13.0038541666667,3.36460416666667,3.30920833333333,3.38186458333333,1.42585416666667,1.41998958333333,1.43004166666667,23.9469166666667,23.90046875,24.0036145833333
CT-02,CT-02_image-00044,image-00044.tiff,1.22314583333333,1.21628125,1.22777083333333,4.945625,4.93673958333333,4.95130208333333,12.412875,12.3945729166667,12.9569166666667,3.18310416666667,3.16058333333333,3.2236875,1.41770833333333,1.41189583333333,1.47347916666667,23.1795,23.1413854166667,23.8723125
CT-02,CT-02_image-00053,image-00053.tiff,1.22372916666667,1.21691666666667,1.22788541666667,4.94320833333333,4.9335,4.95314583333333,12.7548958333333,12.6529479166667,12.8513229166667,3.28572916666667,3.22696875,3.31978125,1.4238125,1.415375,1.44345833333333,23.6758958333333,23.6125208333333,23.7418541666667
CT-02,CT-02_image-00057,image-00057.tiff,1.22129166666667,1.21641666666667,1.22357291666667,4.944,4.93072916666667,4.99334375,12.7852291666667,12.6751875,12.8377395833333,3.26804166666667,3.21334375,3.34241666666667,1.42085416666667,1.4161875,1.45771875,23.6783333333333,23.5785208333333,23.8327395833333
CT-02,CT-02_image-00066,image-00066.tiff,1.22308333333333,1.21947916666667,1.25901041666667,4.95916666666667,4.92010416666667,5.0243125,13.1080625,12.9829166666667,13.1633229166667,3.40814583333333,3.33617708333333,3.44460416666667,1.47316666666667,1.45928125,1.51526041666667,24.2094375,24.1144583333333,24.360125
CT-02,CT-02_image-00071,image-00071.tiff,1.22504166666667,1.21475,1.23263541666667,4.93364583333333,4.9280625,4.9429375,12.8925625,12.8098541666667,13.0080729166667,3.38554166666667,3.37971875,3.40365625,1.4110625,1.40571875,1.44011458333333,23.8619583333333,23.7288958333333,23.9663229166667
CT-02,CT-02_image-00079,image-00079.tiff,1.21966666666667,1.21448958333333,1.23430208333333,4.924375,4.92038541666667,4.96357291666667,12.74125,12.6798125,12.911125,3.34147916666667,3.3005625,3.36267708333333,1.41985416666667,1.41767708333333,1.45845833333333,23.675875,23.54715625,23.8878125
CT-02,CT-02_image-00084,image-00084.tiff,1.22589583333333,1.21803125,1.23409375,4.92495833333333,4.91585416666667,4.95753125,12.8283125,12.789625,12.9696458333333,3.37902083333333,3.36691666666667,3.39498958333333,1.4150625,1.41425,1.42265625,23.8338541666667,23.7528645833333,23.9940520833333
CT-02,CT-02_image-00093,image-00093.tiff,1.22022916666667,1.21253125,1.2274375,4.94033333333333,4.92621875,4.95259375,12.7253333333333,12.6622395833333,12.7837916666667,3.293625,3.27455208333333,3.32664583333333,1.4126875,1.41014583333333,1.44819791666667,23.6330416666667,23.6106041666667,23.6962604166667
CT-02,CT-02_image-00097,image-00097.tiff,1.221625,1.219375,1.22253125,4.93439583333333,4.92797916666667,4.96257291666667,12.4535833333333,12.3156041666667,12.5721145833333,3.2031875,3.19566666666667,3.22895833333333,1.41885416666667,1.40914583333333,1.4271875,23.2550416666667,23.1362708333333,23.3849791666667
CT-02,CT-02_image-00106,image-00106.tiff,1.22777083333333,1.22223958333333,1.238875,4.95052083333333,4.94444791666667,4.98139583333333,13.0386458333333,12.6496145833333,13.2287708333333,3.36533333333333,3.34120833333333,3.37367708333333,1.43110416666667,1.424625,1.46748958333333,24.0767708333333,23.6397395833333,24.3534583333333
CT-02,CT-02_image-00110,image-00110.tiff,1.22075,1.21733333333333,1.25090625,4.950125,4.94016666666667,4.9765,12.5600416666667,12.53875,12.7320729166667,3.2670625,3.23433333333333,3.30923958333333,1.44464583333333,1.43095833333333,1.45630208333333,23.5311875,23.407875,23.65628125
CT-02,CT-02_image-00119,image-00119.tiff,1.22352083333333,1.22003125,1.22740625,4.9551875,4.9454375,4.96039583333333,12.8323333333333,12.7681979166667,12.97265625,3.40785416666667,3.33627083333333,3.4588125,1.42635416666667,1.42259375,1.46764583333333,23.910625,23.7694166666667,24.1074791666667
CT-02,CT-02_image-00123,image-00123.tiff,1.22558333333333,1.21857291666667,1.22941666666667,4.94504166666667,4.93136458333333,4.97447916666667,12.47525,12.4483645833333,12.7703020833333,3.28654166666667,3.23353125,3.32877083333333,1.42604166666667,1.42020833333333,1.45242708333333,23.3715833333333,23.2941875,23.80559375
CT-02,CT-02_image-00132,image-00132.tiff,1.2183125,1.21223958333333,1.22285416666667,4.92497916666667,4.91932291666667,4.92883333333333,12.6674375,12.5479479166667,12.7501666666667,3.24410416666667,3.23529166666667,3.25419791666667,1.4045,1.40263541666667,1.40735416666667,23.4498125,23.3259375,23.5305416666667
CT-02,CT-02_image-00137,image-00137.tiff,1.22325,1.21669791666667,1.25113541666667,4.9289375,4.92152083333333,4.98803125,12.2288958333333,12.1485625,12.3714270833333,3.12747916666667,3.11346875,3.13569791666667,1.42372916666667,1.41311458333333,1.45969791666667,23.00825,22.8158020833333,23.1978229166667
CT-02,CT-02_image-00146,image-00146.tiff,1.21741666666667,1.21508333333333,1.22367708333333,4.95264583333333,4.94745833333333,4.96121875,12.4816041666667,12.4239583333333,12.5113854166667,3.21604166666667,3.20719791666667,3.2405625,1.43808333333333,1.41860416666667,1.45911458333333,23.30275,23.2628541666667,23.3400625
CT-02,CT-02_image-00150,image-00150.tiff,1.22133333333333,1.21401041666667,1.23172916666667,4.9285625,4.91870833333333,4.95529166666667,12.6389583333333,12.5780520833333,12.6785520833333,3.19627083333333,3.18067708333333,3.23072916666667,1.40908333333333,1.40379166666667,1.41852083333333,23.4415208333333,23.3215416666667,23.55296875
CT-02,CT-02_image-00159,image-00159.tiff,1.21872916666667,1.21375,1.24223958333333,4.94310416666667,4.93297916666667,4.96190625,12.4074583333333,12.2568333333333,12.59996875,3.2043125,3.10989583333333,3.29280208333333,1.4279375,1.41116666666667,1.49765625,23.3280833333333,22.9298333333333,23.4661354166667
CT-02,CT-02_image-00163,image-00163.tiff,1.2179375,1.21704166666667,1.22123958333333,4.92677083333333,4.92402083333333,4.963375,12.6436875,12.59396875,12.863875,3.30245833333333,3.27128125,3.31884375,1.42777083333333,1.42191666666667,1.43298958333333,23.5196458333333,23.4706354166667,23.8118541666667
CT-02,CT-02_image-00168,image-00168.tiff,1.23197916666667,1.21519791666667,1.24684375,4.94822916666667,4.93866666666667,4.96446875,12.6191458333333,12.5800625,12.837875,3.27720833333333,3.27479166666667,3.29538541666667,1.45258333333333,1.43302083333333,1.52003125,23.6169791666667,23.49496875,23.7326666666667
CT-02,CT-02_image-00172,image-00172.tiff,1.2235625,1.217875,1.23271875,4.9445625,4.93208333333333,4.96060416666667,12.5716666666667,12.4949270833333,12.6360416666667,3.26129166666667,3.23932291666667,3.26489583333333,1.422125,1.41280208333333,1.43442708333333,23.4125,23.33409375,23.5254166666667
CT-02,CT-02_image-00176,image-00176.tiff,1.22266666666667,1.215375,1.23944791666667,4.92570833333333,4.9195625,4.99309375,12.9202291666667,12.8720416666667,13.016875,3.30470833333333,3.27211458333333,3.32644791666667,1.462,1.42009375,1.49914583333333,23.8729583333333,23.7753645833333,24.0989895833333
CT-02,CT-02_image-00181,image-00181.tiff,1.22222916666667,1.21235416666667,1.23471875,4.92564583333333,4.92057291666667,4.932375,12.6065208333333,12.5579166666667,12.8275104166667,3.24189583333333,3.23382291666667,3.286,1.4104375,1.40755208333333,1.43740625,23.3839791666667,23.3217395833333,23.704375
CT-02,CT-02_image-00185,image-00185.tiff,1.22741666666667,1.22086458333333,1.23917708333333,4.965125,4.92447916666667,4.9925,12.5841458333333,12.4896666666667,12.6763854166667,3.2535625,3.24519791666667,3.2588125,1.4211875,1.411875,1.439,23.470125,23.3728645833333,23.5829895833333
CT-02,CT-02_image-00190,image-00190.tiff,1.23004166666667,1.22163541666667,1.23902083333333,4.96091666666667,4.94554166666667,5.05021875,12.6841875,12.4044895833333,12.82415625,3.223875,3.16202083333333,3.33566666666667,1.44222916666667,1.42041666666667,1.48035416666667,23.6099166666667,23.1510104166667,23.9242916666667
CT-02,CT-02_image-00194,image-00194.tiff,1.22270833333333,1.21946875,1.231375,4.94925,4.93044791666667,4.98042708333333,12.6607708333333,12.47521875,12.69684375,3.25383333333333,3.13617708333333,3.26925,1.42320833333333,1.415625,1.44313541666667,23.5088333333333,23.25309375,23.5550416666667
CT-03,CT-03_image-00000,image-00000.tiff,1.2178125,1.2154375,1.21957291666667,4.9221875,4.91902083333333,4.94158333333333,12.3537708333333,12.27859375,12.4624270833333,3.0796875,3.07283333333333,3.08480208333333,1.40545833333333,1.40283333333333,1.41808333333333,23.0444791666667,22.9086041666667,23.1031666666667
CT-03,CT-03_image-00011,image-00011.tiff,1.21764583333333,1.21278125,1.22540625,4.9324375,4.92575,4.94539583333333,12.6510625,12.56871875,12.6899479166667,3.20941666666667,3.20247916666667,3.2280625,1.41666666666667,1.407625,1.42284375,23.444625,23.3505208333333,23.5637395833333
CT-03,CT-03_image-00034,image-00034.tiff,1.21597916666667,1.2135,1.22265625,4.95741666666667,4.94735416666667,4.9698125,12.67725,12.6080833333333,12.74490625,3.261,3.2574375,3.273625,1.4139375,1.40817708333333,1.4366875,23.5102708333333,23.46759375,23.6336041666667
CT-03,CT-03_image-00045,image-00045.tiff,1.21654166666667,1.21128125,1.22322916666667,4.94908333333333,4.9204375,4.95446875,12.8316458333333,12.7866354166667,13.0637291666667,3.36220833333333,3.34026041666667,3.38295833333333,1.41425,1.40582291666667,1.43264583333333,23.734125,23.7215625,23.9960520833333
CT-03,CT-03_image-00068,image-00068.tiff,1.21397916666667,1.20877083333333,1.22703125,4.93260416666667,4.92866666666667,4.940375,12.9090416666667,12.8315625,13.00046875,3.38814583333333,3.35726041666667,3.40711458333333,1.41125,1.40320833333333,1.41391666666667,23.835,23.7319375,23.9989583333333
CT-03,CT-03_image-00080,image-00080.tiff,1.22120833333333,1.20986458333333,1.24122916666667,4.96572916666667,4.94620833333333,5.02421875,12.5721041666667,12.56053125,12.5929791666667,3.19608333333333,3.1746875,3.23154166666667,1.4401875,1.42170833333333,1.48148958333333,23.511625,23.3435208333333,23.5705416666667
CT-03,CT-03_image-00102,image-00102.tiff,1.22033333333333,1.21242708333333,1.2481875,4.98004166666667,4.9480625,5.0135625,12.6794375,12.4201666666667,12.8156770833333,3.26235416666667,3.24517708333333,3.30328125,1.42133333333333,1.410625,1.4468125,23.6041875,23.2568020833333,23.77325
CT-03,CT-03_image-00114,image-00114.tiff,1.21852083333333,1.20813541666667,1.22582291666667,4.942,4.9230625,4.97260416666667,12.6452083333333,12.4572083333333,12.8123958333333,3.24916666666667,3.15102083333333,3.3515625,1.43277083333333,1.41470833333333,1.49226041666667,23.499375,23.2346666666667,23.7585729166667
CT-03,CT-03_image-00136,image-00136.tiff,1.22170833333333,1.21301041666667,1.24017708333333,4.93597916666667,4.93225,4.95582291666667,12.8028958333333,12.7317291666667,12.9251041666667,3.346,3.2475625,3.39340625,1.413625,1.40483333333333,1.43608333333333,23.7726875,23.6861145833333,23.8858645833333
CT-03,CT-03_image-00148,image-00148.tiff,1.22266666666667,1.22035416666667,1.22495833333333,4.93452083333333,4.92346875,4.952625,12.8281458333333,12.8062395833333,12.9229375,3.2835,3.27398958333333,3.35364583333333,1.408,1.3975,1.43141666666667,23.7248125,23.670875,23.8543541666667
CT-03,CT-03_image-00170,image-00170.tiff,1.21629166666667,1.2138125,1.23235416666667,4.9313125,4.92453125,4.94230208333333,12.3502708333333,12.27803125,12.7036145833333,3.22802083333333,3.13158333333333,3.28883333333333,1.41272916666667,1.40769791666667,1.41959375,23.1204583333333,22.9655104166667,23.5434895833333
CT-03,CT-03_image-00182,image-00182.tiff,1.20860416666667,1.20657291666667,1.22270833333333,4.96070833333333,4.95432291666667,4.97348958333333,12.29425,12.221875,12.4054479166667,3.22908333333333,3.18244791666667,3.23391666666667,1.40489583333333,1.40340625,1.41076041666667,23.0550833333333,22.9953125,23.2446979166667
CT-03,CT-03_image-00205,image-00205.tiff,1.22097916666667,1.21452083333333,1.24565625,4.95839583333333,4.9466875,4.96628125,12.9156666666667,12.8793020833333,12.99946875,3.27764583333333,3.26319791666667,3.36511458333333,1.41535416666667,1.40966666666667,1.45040625,23.8132916666667,23.7491354166667,24.05640625
CT-03,CT-03_image-00216,image-00216.tiff,1.21583333333333,1.213875,1.22382291666667,4.93675,4.92565625,4.959125,12.7086458333333,12.6063333333333,12.9079479166667,3.28610416666667,3.27619791666667,3.32376041666667,1.41454166666667,1.403875,1.42588541666667,23.557625,23.46196875,23.8075208333333
CT-03,CT-03_image-00239,image-00239.tiff,1.218125,1.21159375,1.23404166666667,4.93110416666667,4.9165,4.94748958333333,12.426875,12.3914895833333,12.6115520833333,3.17633333333333,3.1695625,3.188625,1.411875,1.40771875,1.44854166666667,23.1885625,23.09796875,23.4033645833333
CT-03,CT-03_image-00250,image-00250.tiff,1.216375,1.21408333333333,1.225,4.93122916666667,4.92727083333333,4.95892708333333,12.8507916666667,12.64971875,12.9194166666667,3.43922916666667,3.2918125,3.46601041666667,1.4315,1.41398958333333,1.48097916666667,23.9177291666667,23.5520416666667,23.9771666666667
CT-03,CT-03_image-00273,image-00273.tiff,1.21879166666667,1.21708333333333,1.2254375,4.9391875,4.92144791666667,4.97740625,12.5816666666667,12.4873958333333,12.7037708333333,3.1708125,3.15413541666667,3.38036458333333,1.42735416666667,1.41288541666667,1.46952083333333,23.2753333333333,23.2142291666667,23.868375
CT-03,CT-03_image-00284,image-00284.tiff,1.2575,1.21902083333333,1.28513541666667,5.07316666666667,4.95373958333333,5.11026041666667,12.7382916666667,12.3525520833333,13.072375,3.2975625,3.20271875,3.3446875,1.528,1.48434375,1.64692708333333,23.9155416666667,23.2328854166667,24.45840625
CT-03,CT-03_image-00307,image-00307.tiff,1.24435416666667,1.2379375,1.26116666666667,4.96160416666667,4.93880208333333,5.00504166666667,12.714875,12.65496875,12.7886354166667,3.306875,3.28948958333333,3.32247916666667,1.43025,1.41441666666667,1.45219791666667,23.656125,23.5741145833333,23.85403125
CT-03,CT-03_image-00318,image-00318.tiff,1.22116666666667,1.21657291666667,1.22940625,4.94358333333333,4.92697916666667,4.95301041666667,12.5046041666667,12.48715625,12.6234270833333,3.21729166666667,3.1814375,3.28653125,1.42860416666667,1.41747916666667,1.45505208333333,23.3554166666667,23.29603125,23.502875
CT-03,CT-03_image-00341,image-00341.tiff,1.2178125,1.21203125,1.22284375,4.95114583333333,4.9383125,4.97776041666667,12.7441875,12.6920729166667,12.844625,3.26022916666667,3.25084375,3.37353125,1.42295833333333,1.40572916666667,1.48290625,23.6810416666667,23.5317395833333,23.9150104166667
CT-03,CT-03_image-00352,image-00352.tiff,1.26391666666667,1.2299375,1.53345833333333,5.07683333333333,4.98269791666667,5.14742708333333,12.9301875,12.8257604166667,13.80065625,3.33502083333333,3.24095833333333,3.39336458333333,1.6165,1.47005208333333,2.58566666666667,24.6554791666667,23.7578229166667,27.6158125
CT-03,CT-03_image-00375,image-00375.tiff,1.2233125,1.21236458333333,1.22839583333333,4.94404166666667,4.93322916666667,4.96869791666667,12.6700416666667,12.6003125,12.7606979166667,3.2110625,3.19636458333333,3.23771875,1.42870833333333,1.41234375,1.46079166666667,23.5083333333333,23.4041041666667,23.6944791666667
CT-03,CT-03_image-00386,image-00386.tiff,1.21310416666667,1.21104166666667,1.2233125,4.94597916666667,4.93821875,4.94802083333333,12.70075,12.6395520833333,12.8107395833333,3.32208333333333,3.23094791666667,3.37108333333333,1.40564583333333,1.40430208333333,1.43653125,23.6332083333333,23.48328125,23.7071979166667
CT-03,CT-03_image-00398,image-00398.tiff,1.21527083333333,1.21126041666667,1.22421875,4.95758333333333,4.94048958333333,4.98495833333333,12.6719583333333,12.6128958333333,12.8778958333333,3.2358125,3.19532291666667,3.28244791666667,1.42258333333333,1.41264583333333,1.4775,23.4902291666667,23.4096041666667,23.8687708333333
CT-03,CT-03_image-00409,image-00409.tiff,1.210875,1.2059375,1.21648958333333,4.91808333333333,4.911625,4.93797916666667,12.7485,12.68215625,12.7740625,3.28897916666667,3.25698958333333,3.29610416666667,1.40408333333333,1.40209375,1.40830208333333,23.57025,23.5138020833333,23.6550208333333
CT-03,CT-03_image-00420,image-00420.tiff,1.213625,1.20797916666667,1.2185,4.95166666666667,4.94285416666667,4.96360416666667,12.801,12.74946875,12.8392708333333,3.43777083333333,3.31416666666667,3.46005208333333,1.4018125,1.39971875,1.40984375,23.8314791666667,23.6233125,23.9229375
CT-03,CT-03_image-00432,image-00432.tiff,1.21658333333333,1.21535416666667,1.21966666666667,4.926625,4.91610416666667,4.93622916666667,12.94575,12.7175416666667,13.0041458333333,3.4095625,3.24465625,3.48608333333333,1.43220833333333,1.41221875,1.47291666666667,23.9329791666667,23.7385729166667,23.9816666666667
CT-03,CT-03_image-00443,image-00443.tiff,1.2159375,1.20775,1.2265625,4.95535416666667,4.94171875,4.97094791666667,12.4811666666667,12.4226979166667,12.5450416666667,3.2734375,3.24896875,3.28991666666667,1.40095833333333,1.39777083333333,1.40963541666667,23.3790208333333,23.2937916666667,23.4630833333333
CT-03,CT-03_image-00455,image-00455.tiff,1.22283333333333,1.21690625,1.23146875,4.93708333333333,4.93596875,4.97371875,12.6428333333333,12.5599166666667,12.7432604166667,3.3493125,3.24557291666667,3.38059375,1.41339583333333,1.4029375,1.44001041666667,23.4838333333333,23.4601770833333,23.7236458333333
CT-03,CT-03_image-00466,image-00466.tiff,1.2215625,1.21340625,1.22864583333333,4.9353125,4.91779166666667,4.96060416666667,12.6998541666667,12.6177916666667,12.7807604166667,3.32041666666667,3.30151041666667,3.37623958333333,1.40639583333333,1.40184375,1.41783333333333,23.6303541666667,23.5155520833333,23.6771666666667
CT-03,CT-03_image-00477,image-00477.tiff,1.217625,1.214875,1.22230208333333,4.93045833333333,4.9256875,4.93859375,12.5515833333333,12.4294479166667,12.9281770833333,3.1823125,3.15711458333333,3.3175625,1.42529166666667,1.4185,1.46214583333333,23.3490416666667,23.2154375,23.7918854166667
CT-03,CT-03_image-00489,image-00489.tiff,1.21389583333333,1.20954166666667,1.23033333333333,4.93366666666667,4.93126041666667,4.94382291666667,12.8889791666667,12.8127291666667,12.98209375,3.30314583333333,3.26946875,3.34810416666667,1.41752083333333,1.40709375,1.45089583333333,23.7639583333333,23.7351145833333,23.8743958333333
CT-03,CT-03_image-00500,image-00500.tiff,1.2169375,1.20822916666667,1.2234375,4.94604166666667,4.936,4.97276041666667,12.8804166666667,12.8054375,13.0203958333333,3.24495833333333,3.23147916666667,3.25948958333333,1.41225,1.41029166666667,1.42935416666667,23.7051458333333,23.6490208333333,23.85603125
MR-01,MR-01_image-00002,image-00002.tiff,1.2256875,1.218875,1.25588541666667,4.93541666666667,4.92778125,4.947625,10.5476041666667,10.37465625,10.57109375,NaN,NaN,NaN,NaN,NaN,NaN,16.7128541666667,16.57065625,16.8340833333333
MR-01,MR-01_image-00003,image-00003.tiff,1.24016666666667,1.22661458333333,1.26310416666667,4.96164583333333,4.94175,5.01167708333333,10.5399375,10.4683645833333,10.5970104166667,NaN,NaN,NaN,NaN,NaN,NaN,16.7416458333333,16.6593854166667,16.7851458333333
MR-01,MR-01_image-00004,image-00004.tiff,1.22770833333333,1.22534375,1.26983333333333,4.9530625,4.93296875,4.96060416666667,10.2850833333333,10.1139895833333,10.40278125,NaN,NaN,NaN,NaN,NaN,NaN,16.4979166666667,16.2783645833333,16.70134375
MR-01,MR-01_image-00005,image-00005.tiff,1.23789583333333,1.23314583333333,1.26297916666667,4.94135416666667,4.933375,4.9561875,10.2357083333333,10.20425,10.3036979166667,NaN,NaN,NaN,NaN,NaN,NaN,16.4574583333333,16.3814791666667,16.6110833333333
MR-01,MR-01_image-00006,image-00006.tiff,1.22041666666667,1.21496875,1.23129166666667,4.95622916666667,4.94063541666667,4.96752083333333,22.2067708333333,22.1299583333333,22.3378958333333,3.3380625,3.3161875,3.36053125,1.417625,1.41005208333333,1.42738541666667,33.1565625,33.0836041666667,33.2612291666667
MR-01,MR-01_image-00007,image-00007.tiff,1.2285625,1.21940625,1.24296875,4.9525,4.92219791666667,4.98091666666667,21.3007083333333,21.1943333333333,21.5095520833333,3.280125,3.2228125,3.2995,1.46410416666667,1.41740625,1.48323958333333,32.177625,32.0828958333333,32.4988125
MR-01,MR-01_image-00008,image-00008.tiff,1.22275,1.21435416666667,1.22755208333333,4.929125,4.91244791666667,4.95189583333333,21.6085625,21.5073854166667,21.74309375,3.34533333333333,3.32419791666667,3.38508333333333,1.41241666666667,1.40482291666667,1.43791666666667,32.5448541666667,32.4196354166667,32.71221875
MR-01,MR-01_image-00009,image-00009.tiff,1.22285416666667,1.21484375,1.26108333333333,4.95704166666667,4.94414583333333,4.978125,21.1201666666667,20.95196875,21.3285625,3.33591666666667,3.29635416666667,3.36189583333333,1.43245833333333,1.41401041666667,1.46470833333333,32.062875,31.9706145833333,32.3521666666667
MR-01,MR-01_image-00010,image-00010.tiff,1.21804166666667,1.2130625,1.22596875,4.93045833333333,4.91682291666667,4.95894791666667,20.5392291666667,20.37734375,20.664,3.27970833333333,3.27309375,3.28660416666667,1.416875,1.40530208333333,1.42144791666667,31.3655625,31.2365833333333,31.51284375
MR-01,MR-01_image-00011,image-00011.tiff,1.22335416666667,1.21253125,1.24313541666667,4.94525,4.93430208333333,4.96330208333333,19.6114583333333,19.3460208333333,19.687125,3.24916666666667,3.2203125,3.26658333333333,1.42295833333333,1.41638541666667,1.44478125,30.5110416666667,30.2069895833333,30.7667916666667
MR-01,MR-01_image-00012,image-00012.tiff,1.22191666666667,1.21534375,1.22632291666667,4.93460416666667,4.91880208333333,4.9551875,19.9042291666667,19.5623020833333,19.9397604166667,3.2930625,3.23784375,3.42260416666667,1.42241666666667,1.41230208333333,1.42858333333333,30.7903958333333,30.2983854166667,30.9378229166667
MR-01,MR-01_image-00013,image-00013.tiff,1.21847916666667,1.21203125,1.227375,4.94129166666667,4.92223958333333,4.9670625,18.647375,18.5,18.734375,3.1751875,3.13134375,3.25089583333333,1.41733333333333,1.4075625,1.46739583333333,29.477625,29.42365625,29.707875
MR-01,MR-01_image-00014,image-00014.tiff,1.2150625,1.21407291666667,1.21627083333333,4.93033333333333,4.92533333333333,4.96011458333333,18.2966041666667,18.0915416666667,18.63240625,3.36045833333333,3.32263541666667,3.41625,1.42239583333333,1.41040625,1.43616666666667,29.2627916666667,28.9761666666667,29.6166145833333
MR-01,MR-01_image-00015,image-00015.tiff,1.22297916666667,1.21177083333333,1.23403125,4.9545625,4.9278125,4.976625,17.6161875,17.50871875,17.81334375,3.05922916666667,3.05285416666667,3.075375,1.41447916666667,1.41057291666667,1.43089583333333,28.2595625,28.15409375,28.46859375
MR-01,MR-01_image-00016,image-00016.tiff,1.22283333333333,1.21721875,1.22729166666667,4.93054166666667,4.9245,4.94421875,17.5211666666667,17.46315625,17.6928125,3.32125,3.29572916666667,3.35510416666667,1.43620833333333,1.41178125,1.45445833333333,28.4811666666667,28.3618333333333,28.5683854166667
MR-01,MR-01_image-00017,image-00017.tiff,1.2179375,1.21064583333333,1.22479166666667,4.93489583333333,4.92042708333333,4.99048958333333,17.1783125,17.135375,17.4342083333333,3.32683333333333,3.2944375,3.35145833333333,1.42260416666667,1.413625,1.45344791666667,28.0776666666667,28.0135208333333,28.3828645833333
MR-01,MR-01_image-00018,image-00018.tiff,1.21845833333333,1.21565625,1.23190625,4.91839583333333,4.91304166666667,4.94838541666667,16.9738125,16.85321875,17.0366979166667,3.2701875,3.25383333333333,3.29616666666667,1.40983333333333,1.40421875,1.44185416666667,27.7940833333333,27.6488645833333,27.9008541666667
MR-01,MR-01_image-00019,image-00019.tiff,1.218375,1.210125,1.22119791666667,4.934625,4.93092708333333,4.94232291666667,16.40675,16.3277395833333,16.5320104166667,3.26510416666667,3.24419791666667,3.29470833333333,1.40589583333333,1.40246875,1.41609375,27.2351458333333,27.13990625,27.4179479166667
MR-01,MR-01_image-00020,image-00020.tiff,1.21960416666667,1.21375,1.23016666666667,4.9453125,4.92884375,4.97175,16.8557291666667,16.7217604166667,16.967625,3.2996875,3.266625,3.36553125,1.41716666666667,1.40965625,1.4593125,27.7614583333333,27.609875,27.8698854166667
MR-01,MR-01_image-00021,image-00021.tiff,1.22058333333333,1.21719791666667,1.22946875,4.942125,4.91973958333333,4.9645,16.3049791666667,16.1683125,16.37590625,3.26260416666667,3.23203125,3.28064583333333,1.4311875,1.41938541666667,1.47110416666667,27.1271666666667,27.0492708333333,27.4005208333333
MR-02,MR-02_image-00000,image-00000.tiff,1.21964583333333,1.2103125,1.22290625,4.94820833333333,4.93402083333333,4.9575,15.1883333333333,15.1044166666667,15.335375,3.26272916666667,3.2050625,3.31309375,1.42160416666667,1.41353125,1.45186458333333,26.083,25.9883645833333,26.3128229166667
MR-02,MR-02_image-00001,image-00001.tiff,1.214625,1.212,1.22,4.92758333333333,4.91129166666667,4.93589583333333,15.9362916666667,15.8061979166667,15.9965104166667,3.40035416666667,3.35276041666667,3.42719791666667,1.40639583333333,1.40234375,1.41936458333333,26.8945416666667,26.8098125,26.975875
MR-02,MR-02_image-00002,image-00002.tiff,1.22283333333333,1.2164375,1.22707291666667,4.9356875,4.92903125,4.9515625,15.4339583333333,15.2405104166667,15.7490625,3.28916666666667,3.22651041666667,3.47179166666667,1.41085416666667,1.40479166666667,1.44863541666667,26.5624375,26.0774166666667,26.8825520833333
MR-02,MR-02_image-00003,image-00003.tiff,1.21554166666667,1.211625,1.21945833333333,4.922625,4.91427083333333,4.92663541666667,15.0619583333333,14.98921875,15.1200729166667,3.16497916666667,3.13671875,3.17538541666667,1.406375,1.40241666666667,1.41680208333333,25.7652708333333,25.7051041666667,25.8259791666667
MR-02,MR-02_image-00004,image-00004.tiff,1.2231875,1.21541666666667,1.22945833333333,4.95966666666667,4.9265,4.97016666666667,15.4423958333333,15.3708645833333,15.487625,3.2666875,3.18676041666667,3.30169791666667,1.4410625,1.4175,1.47304166666667,26.3170416666667,26.09359375,26.5172291666667
MR-02,MR-02_image-00005,image-00005.tiff,1.21825,1.21520833333333,1.22408333333333,4.94072916666667,4.92751041666667,4.96465625,15.1203958333333,15.0836145833333,15.19134375,3.17589583333333,3.14863541666667,3.3329375,1.42275,1.41413541666667,1.46955208333333,25.9692291666667,25.8041458333333,26.1195416666667
MR-02,MR-02_image-00006,image-00006.tiff,1.2188125,1.21625,1.2205,4.93420833333333,4.92436458333333,4.94421875,15.2225,15.1799895833333,15.3285104166667,3.25964583333333,3.23959375,3.31709375,1.42147916666667,1.41020833333333,1.45803125,26.049625,25.9850208333333,26.2668854166667
MR-02,MR-02_image-00007,image-00007.tiff,1.22441666666667,1.21573958333333,1.24014583333333,4.94972916666667,4.92389583333333,4.96265625,15.2437291666667,14.89184375,15.5371770833333,3.21085416666667,3.12929166666667,3.41139583333333,1.42560416666667,1.41241666666667,1.48266666666667,26.1306041666667,25.61134375,26.6613229166667
MR-02,MR-02_image-00008,image-00008.tiff,1.223375,1.21267708333333,1.23417708333333,4.9226875,4.91498958333333,4.94002083333333,15.0514583333333,14.8968020833333,15.2589166666667,3.23264583333333,3.21080208333333,3.31251041666667,1.4126875,1.40609375,1.42801041666667,25.8285416666667,25.6225,26.25965625
MR-02,MR-02_image-00009,image-00009.tiff,1.22291666666667,1.2185625,1.23522916666667,4.96227083333333,4.9551875,4.9839375,15.2092708333333,15.1442291666667,15.32015625,3.3090625,3.27255208333333,3.36140625,1.43189583333333,1.41921875,1.47315625,26.2260625,26.046,26.3127395833333
MR-02,MR-02_image-00010,image-00010.tiff,1.2211875,1.21421875,1.22783333333333,4.95310416666667,4.94542708333333,4.97003125,15.1399791666667,15.0218958333333,15.3645625,3.27014583333333,3.21547916666667,3.31265625,1.42522916666667,1.4073125,1.47289583333333,26.018625,25.8080833333333,26.3443645833333
MR-02,MR-02_image-00011,image-00011.tiff,1.21954166666667,1.2156875,1.22415625,4.93320833333333,4.92030208333333,4.95302083333333,15.0482291666667,15.02340625,15.0948229166667,3.32560416666667,3.28779166666667,3.36555208333333,1.42908333333333,1.40871875,1.44708333333333,25.9607916666667,25.9179895833333,26.0737395833333
MR-02,MR-02_image-00012,image-00012.tiff,1.21677083333333,1.21533333333333,1.22373958333333,4.9253125,4.91710416666667,4.96813541666667,14.9438125,14.8507395833333,15.0716354166667,3.35252083333333,3.31285416666667,3.381625,1.42916666666667,1.41730208333333,1.44953125,25.8795208333333,25.7993854166667,26.0185104166667
MR-02,MR-02_image-00013,image-00013.tiff,1.22264583333333,1.213875,1.2471875,4.96420833333333,4.93979166666667,4.98639583333333,14.9844791666667,14.83271875,15.0429270833333,3.33608333333333,3.27996875,3.34863541666667,1.41677083333333,1.40994791666667,1.4385625,25.9550833333333,25.7303854166667,26.05959375
MR-02,MR-02_image-00014,image-00014.tiff,1.23183333333333,1.22371875,1.25279166666667,5.004625,4.95911458333333,5.12189583333333,15.0823125,14.88878125,15.4193229166667,3.3390625,3.27032291666667,3.38941666666667,1.46654166666667,1.41309375,1.60146875,26.1828125,25.78215625,26.7667604166667
MR-02,MR-02_image-00015,image-00015.tiff,1.215625,1.21334375,1.22072916666667,4.9498125,4.93335416666667,4.95260416666667,14.6578125,14.5643229166667,14.8040416666667,3.16295833333333,3.11561458333333,3.2330625,1.422125,1.41152083333333,1.4603125,25.5095,25.2345833333333,25.7482708333333
MR-02,MR-02_image-00016,image-00016.tiff,1.21983333333333,1.21411458333333,1.23090625,4.93458333333333,4.927625,4.94009375,14.9437291666667,14.83603125,14.9834479166667,3.26597916666667,3.2525625,3.27241666666667,1.41175,1.40366666666667,1.42460416666667,25.7743541666667,25.6674583333333,25.8541979166667
MR-02,MR-02_image-00017,image-00017.tiff,1.21645833333333,1.21216666666667,1.2246875,4.9721875,4.95009375,4.98520833333333,14.7165625,14.6078854166667,14.9596145833333,3.34908333333333,3.25466666666667,3.4065,1.45972916666667,1.41285416666667,1.48341666666667,25.6739166666667,25.54778125,26.03628125
MR-02,MR-02_image-00018,image-00018.tiff,1.22327083333333,1.2140625,1.24333333333333,4.96004166666667,4.9465625,4.98847916666667,14.4913125,14.4614479166667,14.66921875,3.28820833333333,3.2533125,3.37015625,1.42710416666667,1.41151041666667,1.444375,25.4285625,25.3333333333333,25.8204166666667
MR-02,MR-02_image-00019,image-00019.tiff,1.21433333333333,1.21013541666667,1.22111458333333,4.93516666666667,4.92394791666667,4.94415625,14.586375,14.4975520833333,14.7723645833333,3.32102083333333,3.265,3.35661458333333,1.40616666666667,1.40302083333333,1.42422916666667,25.4294375,25.33240625,25.7355833333333
MR-03,MR-03_image-00004,image-00004.tiff,1.22416666666667,1.21951041666667,1.23865625,4.93191666666667,4.92345833333333,4.94923958333333,12.9806041666667,12.8739375,13.1764270833333,3.33560416666667,3.28142708333333,3.38080208333333,1.421,1.41054166666667,1.44192708333333,23.9784166666667,23.742,24.1278958333333
MR-03,MR-03_image-00005,image-00005.tiff,1.21889583333333,1.2131875,1.22380208333333,4.9549375,4.93901041666667,4.97552083333333,12.9896041666667,12.8934895833333,13.0974583333333,3.3780625,3.35421875,3.4183125,1.44241666666667,1.41158333333333,1.46542708333333,24.0271666666667,23.9030416666667,24.2049895833333
MR-03,MR-03_image-00006,image-00006.tiff,1.214125,1.20742708333333,1.22796875,4.948,4.94105208333333,4.96692708333333,12.6458125,12.4909791666667,12.8337916666667,3.26002083333333,3.14123958333333,3.38616666666667,1.41864583333333,1.4111875,1.434875,23.5684166666667,23.2740520833333,23.8561979166667
MR-03,MR-03_image-00007,image-00007.tiff,1.2165,1.213875,1.22005208333333,4.9264375,4.91858333333333,4.93813541666667,12.7973541666667,12.67765625,12.879125,3.31066666666667,3.29365625,3.327875,1.410125,1.40569791666667,1.47423958333333,23.6715,23.53315625,23.8305625
MR-03,MR-03_image-00008,image-00008.tiff,1.220875,1.21279166666667,1.22628125,4.934,4.924625,4.96829166666667,12.9963541666667,12.87303125,13.086875,3.33822916666667,3.31388541666667,3.3559375,1.41585416666667,1.40978125,1.42566666666667,23.9197291666667,23.8776354166667,24.0111979166667
MR-03,MR-03_image-00009,image-00009.tiff,1.21608333333333,1.21315625,1.22460416666667,4.9309375,4.92328125,4.942125,13.0075625,12.9302708333333,13.1894479166667,3.36679166666667,3.33697916666667,3.39375,1.419875,1.40836458333333,1.43197916666667,23.957625,23.81725,24.2355520833333
MR-03,MR-03_image-00010,image-00010.tiff,1.21916666666667,1.21258333333333,1.22328125,4.9415625,4.93648958333333,4.95889583333333,12.6602083333333,12.391,12.785,3.21570833333333,3.184625,3.25470833333333,1.42835416666667,1.41595833333333,1.46638541666667,23.4706666666667,23.2933645833333,23.6492708333333
MR-03,MR-03_image-00011,image-00011.tiff,1.213875,1.2120625,1.21741666666667,4.92552083333333,4.92215625,4.93435416666667,12.6370416666667,12.5524895833333,12.774375,3.28622916666667,3.26695833333333,3.31022916666667,1.41560416666667,1.40785416666667,1.4221875,23.4677083333333,23.3828333333333,23.6283125
MR-03,MR-03_image-00012,image-00012.tiff,1.2143125,1.21066666666667,1.22238541666667,4.94604166666667,4.91890625,4.96122916666667,12.923625,12.63975,13.0145416666667,3.28504166666667,3.25158333333333,3.35961458333333,1.41752083333333,1.41328125,1.422375,23.8131041666667,23.4683229166667,23.91296875
MR-03,MR-03_image-00013,image-00013.tiff,1.21589583333333,1.21208333333333,1.22582291666667,4.95647916666667,4.93638541666667,4.99036458333333,12.7461666666667,12.5873958333333,12.8196458333333,3.228875,3.18944791666667,3.26697916666667,1.4139375,1.40977083333333,1.46345833333333,23.6174166666667,23.4113229166667,23.7199270833333
MR-03,MR-03_image-00014,image-00014.tiff,1.2124375,1.20859375,1.21515625,4.9434375,4.93540625,4.95433333333333,12.6949375,12.6186458333333,12.7342395833333,3.12279166666667,3.1158125,3.13673958333333,1.40664583333333,1.40275,1.41580208333333,23.424375,23.291,23.4457916666667
MR-03,MR-03_image-00015,image-00015.tiff,1.229875,1.22266666666667,1.24434375,4.99475,4.948625,5.00148958333333,12.9071666666667,12.5662604166667,13.0522395833333,3.24785416666667,3.22385416666667,3.28439583333333,1.43908333333333,1.41455208333333,1.46842708333333,23.8307708333333,23.5300208333333,23.9645625
MR-03,MR-03_image-00016,image-00016.tiff,1.21420833333333,1.21334375,1.21545833333333,4.918625,4.91034375,4.93873958333333,12.4446458333333,12.4046875,12.5024479166667,3.210625,3.19277083333333,3.22815625,1.41004166666667,1.39919791666667,1.41969791666667,23.1824583333333,23.1632916666667,23.2521666666667
MR-03,MR-03_image-00017,image-00017.tiff,1.21872916666667,1.21191666666667,1.22594791666667,4.945125,4.9355625,4.959625,12.8828958333333,12.8226354166667,12.97428125,3.34789583333333,3.32375,3.35467708333333,1.4140625,1.41007291666667,1.42571875,23.8034791666667,23.7238020833333,24.217
MR-03,MR-03_image-00018,image-00018.tiff,1.2193125,1.21655208333333,1.22733333333333,4.9566875,4.94501041666667,4.98728125,12.764,12.6662291666667,13.0279270833333,3.29752083333333,3.24972916666667,3.33353125,1.41672916666667,1.40713541666667,1.44492708333333,23.6766875,23.5996354166667,23.90075
MR-03,MR-03_image-00019,image-00019.tiff,1.22241666666667,1.21313541666667,1.22570833333333,4.93035416666667,4.92403125,4.94139583333333,12.3882708333333,12.3119479166667,12.85109375,3.1115625,3.08634375,3.22096875,1.41054166666667,1.40926041666667,1.443625,23.0604375,22.9399270833333,23.7535625
MR-03,MR-03_image-00020,image-00020.tiff,1.22335416666667,1.217625,1.22711458333333,4.9561875,4.93,5.01084375,13.1149166666667,12.6675208333333,13.2258229166667,3.30972916666667,3.20486458333333,3.35330208333333,1.42752083333333,1.41373958333333,1.44079166666667,24.0531041666667,23.6197708333333,24.1446979166667
MR-03,MR-03_image-00021,image-00021.tiff,1.21608333333333,1.212625,1.23170833333333,4.94566666666667,4.94,4.968375,12.5769791666667,12.5174895833333,12.8574583333333,3.35275,3.31554166666667,3.36979166666667,1.41735416666667,1.40559375,1.43091666666667,23.5070208333333,23.4369583333333,23.8516041666667
MR-03,MR-03_image-00022,image-00022.tiff,1.21670833333333,1.21559375,1.22503125,4.95479166666667,4.94134375,4.98975,12.7709791666667,12.7431458333333,12.862375,3.37047916666667,3.31077083333333,3.40382291666667,1.42220833333333,1.41190625,1.4420625,23.753125,23.6714166666667,23.8574166666667
MR-03,MR-03_image-00023,image-00023.tiff,1.2129375,1.20780208333333,1.22185416666667,4.94110416666667,4.92380208333333,4.96178125,12.6296666666667,12.47028125,12.76728125,3.26677083333333,3.13813541666667,3.32920833333333,1.4214375,1.40711458333333,1.42641666666667,23.502125,23.1563854166667,23.681625
MR-04,MR-04_image-00002,image-00002.tiff,1.2311875,1.21779166666667,1.24785416666667,4.974125,4.94154166666667,4.99035416666667,10.2147083333333,10.1840520833333,10.2716875,NaN,NaN,NaN,NaN,NaN,NaN,16.4490208333333,16.3647395833333,16.50484375
MR-04,MR-04_image-00003,image-00003.tiff,1.23895833333333,1.22897916666667,1.27586458333333,4.97075,4.94930208333333,4.98839583333333,10.2577708333333,10.1391770833333,10.3110833333333,NaN,NaN,NaN,NaN,NaN,NaN,16.4546458333333,16.34496875,16.7120625
MR-04,MR-04_image-00004,image-00004.tiff,1.22504166666667,1.22301041666667,1.23122916666667,4.9714375,4.95226041666667,4.99511458333333,10.4780208333333,10.3337708333333,10.5445520833333,NaN,NaN,NaN,NaN,NaN,NaN,16.6595208333333,16.5794375,16.74909375
MR-04,MR-04_image-00005,image-00005.tiff,1.2196875,1.21622916666667,1.24292708333333,4.95241666666667,4.94252083333333,4.95767708333333,10.4217916666667,10.40834375,10.5032916666667,NaN,NaN,NaN,NaN,NaN,NaN,16.6505833333333,16.5741770833333,16.7686875
MR-04,MR-04_image-00006,image-00006.tiff,1.229125,1.22370833333333,1.23427083333333,4.94914583333333,4.93905208333333,4.95829166666667,10.3341041666667,10.2654791666667,10.46246875,NaN,NaN,NaN,NaN,NaN,NaN,16.548875,16.4722916666667,16.6238333333333
MR-04,MR-04_image-00007,image-00007.tiff,1.21647916666667,1.21352083333333,1.22161458333333,4.92185416666667,4.91666666666667,4.94939583333333,22.246625,22.1899895833333,22.388875,3.30935416666667,3.28903125,3.31746875,1.4083125,1.40459375,1.41438541666667,33.0764791666667,33.0378020833333,33.2685625
MR-04,MR-04_image-00008,image-00008.tiff,1.21564583333333,1.21090625,1.220375,4.9465,4.93713541666667,4.95323958333333,20.8690416666667,20.836375,21.0696875,3.25925,3.23115625,3.39498958333333,1.42064583333333,1.40579166666667,1.45689583333333,31.7729375,31.66084375,31.8921354166667
MR-04,MR-04_image-00009,image-00009.tiff,1.22010416666667,1.21577083333333,1.22777083333333,4.9325,4.92629166666667,4.96363541666667,20.6174791666667,20.5285729166667,20.7215416666667,3.36941666666667,3.34375,3.38455208333333,1.41452083333333,1.40940625,1.42070833333333,31.5573958333333,31.5075625,31.6557291666667
MR-04,MR-04_image-00010,image-00010.tiff,1.22035416666667,1.21561458333333,1.22472916666667,4.94027083333333,4.92630208333333,4.94432291666667,19.5016041666667,19.4516979166667,19.8499375,3.21647916666667,3.16232291666667,3.31705208333333,1.42827083333333,1.41320833333333,1.50510416666667,30.3565416666667,30.1975,30.769875
MR-04,MR-04_image-00011,image-00011.tiff,1.21810416666667,1.21634375,1.22305208333333,4.9365625,4.92498958333333,4.97747916666667,19.6189583333333,19.4965416666667,19.6631145833333,3.29454166666667,3.17664583333333,3.41161458333333,1.41516666666667,1.40270833333333,1.43821875,30.4886041666667,30.2821041666667,30.66471875
MR-04,MR-04_image-00012,image-00012.tiff,1.21929166666667,1.21621875,1.2261875,4.94625,4.9295,4.95058333333333,19.38825,19.2104479166667,19.4543645833333,3.39772916666667,3.35511458333333,3.40709375,1.43947916666667,1.41684375,1.52063541666667,30.371125,30.2306875,30.4725208333333
MR-04,MR-04_image-00013,image-00013.tiff,1.21772916666667,1.21465625,1.22259375,4.92910416666667,4.92323958333333,4.94615625,19.4138125,19.3258854166667,19.4611458333333,3.35466666666667,3.34767708333333,3.4205625,1.41639583333333,1.41026041666667,1.43485416666667,30.36325,30.3121041666667,30.3994583333333
MR-04,MR-04_image-00014,image-00014.tiff,1.21752083333333,1.21441666666667,1.22363541666667,4.92952083333333,4.91913541666667,4.95334375,18.7233333333333,18.5302604166667,19.0603645833333,3.38147916666667,3.34039583333333,3.42804166666667,1.4214375,1.41028125,1.46241666666667,29.7585,29.5156145833333,30.0307291666667
MR-04,MR-04_image-00015,image-00015.tiff,1.21929166666667,1.21489583333333,1.22472916666667,4.93114583333333,4.91901041666667,4.93777083333333,18.1790625,18.0417291666667,18.3299270833333,3.28760416666667,3.26705208333333,3.34253125,1.41791666666667,1.41035416666667,1.45092708333333,29.0437291666667,28.9508541666667,29.2149166666667
MR-04,MR-04_image-00016,image-00016.tiff,1.23154166666667,1.22427083333333,1.24011458333333,4.95008333333333,4.93141666666667,4.98739583333333,17.4681041666667,17.2957604166667,17.9519166666667,3.212125,3.178875,3.25634375,1.44702083333333,1.43048958333333,1.62926041666667,28.3529583333333,28.15659375,29.0598854166667
MR-04,MR-04_image-00017,image-00017.tiff,1.22202083333333,1.21685416666667,1.22679166666667,4.9646875,4.94746875,4.97283333333333,17.1436458333333,16.8916770833333,17.4235520833333,3.26647916666667,3.23755208333333,3.27889583333333,1.41877083333333,1.40991666666667,1.43294791666667,28.0628541666667,27.7480416666667,28.2733229166667
MR-04,MR-04_image-00018,image-00018.tiff,1.21752083333333,1.21496875,1.22145833333333,4.93625,4.92164583333333,4.95028125,16.579,16.4534895833333,16.5944479166667,3.269875,3.24440625,3.31732291666667,1.411125,1.40691666666667,1.47744791666667,27.4014583333333,27.3190208333333,27.5579375
MR-04,MR-04_image-00019,image-00019.tiff,1.2136875,1.20938541666667,1.22232291666667,4.9553125,4.94576041666667,4.99578125,16.1804583333333,16.0900833333333,16.2104895833333,3.16454166666667,3.11453125,3.19238541666667,1.40804166666667,1.40313541666667,1.445375,26.9631458333333,26.86259375,27.0408333333333
MR-04,MR-04_image-00020,image-00020.tiff,1.22189583333333,1.21510416666667,1.2256875,4.93991666666667,4.91553125,4.98365625,16.6567708333333,16.409625,16.83565625,3.3948125,3.28563541666667,3.45240625,1.416,1.41044791666667,1.43235416666667,27.615,27.3046041666667,27.8900833333333
MR-04,MR-04_image-00021,image-00021.tiff,1.22620833333333,1.21910416666667,1.22810416666667,4.9448125,4.93976041666667,4.95208333333333,16.2168125,16.0814895833333,16.2401145833333,3.209125,3.18227083333333,3.22748958333333,1.42895833333333,1.41857291666667,1.47960416666667,27.0715833333333,26.9858854166667,27.2183541666667
MR-05,MR-05_image-00000,image-00000.tiff,1.21802083333333,1.21647916666667,1.220875,4.94135416666667,4.92744791666667,4.96966666666667,14.9764166666667,14.93684375,15.29471875,3.18270833333333,3.14751041666667,3.25960416666667,1.42491666666667,1.41470833333333,1.47616666666667,25.7163541666667,25.6698333333333,26.096125
MR-05,MR-05_image-00001,image-00001.tiff,1.22652083333333,1.21641666666667,1.24530208333333,4.94541666666667,4.929,4.96023958333333,15.3484375,15.2678645833333,15.4997395833333,3.25947916666667,3.20354166666667,3.31044791666667,1.43260416666667,1.41429166666667,1.49080208333333,26.28975,26.1205,26.3404375
MR-05,MR-05_image-00002,image-00002.tiff,1.22077083333333,1.21544791666667,1.22847916666667,4.9418125,4.92902083333333,4.96073958333333,15.5722083333333,15.4124375,15.7991770833333,3.30833333333333,3.30134375,3.3225,1.415375,1.40916666666667,1.44011458333333,26.5642916666667,26.299,26.7505104166667
MR-05,MR-05_image-00003,image-00003.tiff,1.2166875,1.21519791666667,1.22364583333333,4.92202083333333,4.91002083333333,4.94948958333333,15.1234583333333,14.9954375,15.3949375,3.18820833333333,3.11744791666667,3.3315625,1.42177083333333,1.40936458333333,1.4486875,25.9158333333333,25.6788125,26.3807291666667
MR-05,MR-05_image-00004,image-00004.tiff,1.216625,1.21305208333333,1.23719791666667,4.92077083333333,4.91101041666667,4.97471875,15.2115,15.1673125,15.35896875,3.13197916666667,3.12560416666667,3.13513541666667,1.41979166666667,1.41339583333333,1.44291666666667,25.9277708333333,25.84271875,26.0610625
MR-05,MR-05_image-00005,image-00005.tiff,1.22102083333333,1.21586458333333,1.22640625,4.95252083333333,4.94123958333333,4.96794791666667,15.20875,15.0812916666667,15.30965625,3.200125,3.17653125,3.33382291666667,1.42191666666667,1.41095833333333,1.42644791666667,25.9978958333333,25.86765625,26.3648125
MR-05,MR-05_image-00006,image-00006.tiff,1.21591666666667,1.21282291666667,1.21863541666667,4.93572916666667,4.92729166666667,4.94152083333333,15.2103541666667,14.983625,15.415625,3.19225,3.154125,3.32753125,1.42054166666667,1.40961458333333,1.42746875,25.9473333333333,25.7433854166667,26.3116875
MR-05,MR-05_image-00007,image-00007.tiff,1.2189375,1.21519791666667,1.2296875,4.94304166666667,4.92941666666667,4.94645833333333,15.3791041666667,15.2328854166667,15.4167083333333,3.368375,3.34214583333333,3.39547916666667,1.435,1.41079166666667,1.48852083333333,26.2758125,26.2119166666667,26.5292083333333
MR-05,MR-05_image-00008,image-00008.tiff,1.2221875,1.21775,1.22986458333333,4.93322916666667,4.92640625,4.93859375,15.0592083333333,14.9375833333333,15.3224791666667,3.212125,3.16277083333333,3.29473958333333,1.41225,1.40967708333333,1.41698958333333,25.8676458333333,25.6763854166667,26.19296875
MR-05,MR-05_image-00009,image-00009.tiff,1.22052083333333,1.21844791666667,1.22876041666667,4.941,4.93070833333333,4.96282291666667,14.9460416666667,14.7918125,15.0139583333333,3.1896875,3.169875,3.22820833333333,1.42166666666667,1.40990625,1.4299375,25.7341666666667,25.55490625,25.8261875
MR-05,MR-05_image-00010,image-00010.tiff,1.22385416666667,1.21786458333333,1.22672916666667,4.931375,4.92094791666667,4.94704166666667,15.3282083333333,15.2856979166667,15.4461770833333,3.24902083333333,3.15458333333333,3.31572916666667,1.41835416666667,1.41635416666667,1.45578125,26.1888125,26.054375,26.2528020833333
MR-05,MR-05_image-00011,image-00011.tiff,1.213625,1.21022916666667,1.22345833333333,4.92983333333333,4.90628125,4.96253125,14.8574166666667,14.8397395833333,15.0996041666667,3.1315,3.10757291666667,3.18377083333333,1.41672916666667,1.40992708333333,1.43123958333333,25.519375,25.4838020833333,25.97690625
MR-05,MR-05_image-00012,image-00012.tiff,1.22216666666667,1.217375,1.23334375,4.95789583333333,4.9348125,4.9655,15.2697083333333,15.2238125,15.329625,3.3035625,3.26322916666667,3.37814583333333,1.42652083333333,1.41240625,1.45623958333333,26.144,26.0887395833333,26.3975208333333
MR-05,MR-05_image-00013,image-00013.tiff,1.2141875,1.21102083333333,1.22073958333333,4.92489583333333,4.9174375,4.93704166666667,14.8571875,14.7789583333333,14.9964791666667,3.21541666666667,3.20542708333333,3.26321875,1.41897916666667,1.41619791666667,1.43646875,25.656125,25.5288958333333,25.7891666666667
MR-05,MR-05_image-00014,image-00014.tiff,1.21827083333333,1.216,1.22370833333333,4.94579166666667,4.93885416666667,4.96991666666667,14.9551666666667,14.8192291666667,14.9981666666667,3.23741666666667,3.21426041666667,3.25135416666667,1.42220833333333,1.41716666666667,1.52125,25.7922708333333,25.7632708333333,25.8255104166667
MR-05,MR-05_image-00015,image-00015.tiff,1.21475,1.21157291666667,1.22196875,4.9428125,4.93626041666667,4.9514375,15.2165625,15.1020625,15.26503125,3.34335416666667,3.32989583333333,3.36769791666667,1.412125,1.40304166666667,1.41855208333333,26.1120625,25.9780729166667,26.2273333333333
MR-05,MR-05_image-00016,image-00016.tiff,1.21777083333333,1.21584375,1.221,4.93464583333333,4.92702083333333,4.93955208333333,15.132125,14.9965,15.2448645833333,3.31895833333333,3.29398958333333,3.36491666666667,1.41758333333333,1.41304166666667,1.426375,26.085125,25.9417708333333,26.1581875
MR-05,MR-05_image-00017,image-00017.tiff,1.21508333333333,1.20869791666667,1.21967708333333,4.93295833333333,4.93117708333333,4.94291666666667,14.8385416666667,14.8203854166667,14.88840625,3.36225,3.34538541666667,3.37161458333333,1.40491666666667,1.40038541666667,1.40779166666667,25.76575,25.7087604166667,25.83496875
MR-05,MR-05_image-00018,image-00018.tiff,1.22814583333333,1.21992708333333,1.27265625,4.95454166666667,4.94870833333333,4.98819791666667,14.561375,14.42990625,14.66375,3.3065625,3.24085416666667,3.37863541666667,1.4563125,1.42648958333333,1.54548958333333,25.4649166666667,25.3561458333333,25.8725
MR-05,MR-05_image-00019,image-00019.tiff,1.217875,1.21217708333333,1.2286875,4.92277083333333,4.91847916666667,4.93760416666667,14.5098541666667,14.3326979166667,14.7423229166667,3.30483333333333,3.275125,3.35227083333333,1.40858333333333,1.40589583333333,1.42338541666667,25.3361666666667,25.2602083333333,25.5663958333333
